project,job_no,address,permit,contractor,phone,manager
#188 Residence,18-0214,"4549 152nd Place SE, Bellevue",17-131032BU,"Seismic Northwest, LP",(831) 566-5535,Jeff
1010 E Republican Apartments,17-0483,"1010 E Republican Street, Seattle",6494343,"Noren Development, LLC",(425) 466-7740,Isaac
1115 34th Avenue Townhomes,17-0404,"1115 34th Avenue, Seattle",6526527,Denizen Development Grou,206-963-4809,Isaac
1214 East Hamlin Street - SIR,18-0204,"1214 E Hamlin St, Seattle",,,(425) 345-5636,Jeff
1222 NE 65th Street,17-0260,"1222 NE 65th Street, Seattle",6538040,"Blueprint Capital Services, L",(425) 530-6061,Jeff
1227 South Weller Street,18-0354,"1227 S Weller Street, Seattle",6538945,"VNM JV, LLC",John Valley,Jeff
12th & John Courtyard Apartments,16-0647,"121 12th Avenue East, Seattle",6471342,Arcon Tenant Improvement,(425) 365-3013,Jeff
1308 Project,18-0409,"1308 3rd Ave West, Seattle",6591683,"Shelter Homes, LLC",(253) 888-9779,Jeff
1411 East Olive - SIR,18-0270,"1411 East Olive Way, Seattle",,,,Jeff
15th Avenue Apartments,18-0364,"5253 15th Avenue NE, Seattle",6495184,Vekst Construction,(509) 429-8514,Isaac
15th Avenue East,17-0221,"1532 15th Avenue East, Seattle",6520935,"Ashworth Homes, LLC",(425) 350-4081,Isaac
15th Avenue NW - South Parcel,18-0029b,"8009 15th Ave NW, Seattle",6494943,Sage Homes N.W.,(425) 919-2247,Jeff
165th Heated Storage,16-0576,"16523 Aurora Avenue North, Shoreline","125,508,125,507","JPR Construction, Inc.",425-350-9857,Walter
1701 Project,16-0091,"1701 37th Avenue, Seattle",6300390,"White's Investments, LLC",,Jeff
1735 NW 62nd Street - North,17-0966b,"1735 NW 62nd Street, Seattle",6538603,"MidCity Builders, LLC",(425) 343-5655,Isaac
1737 NW 62nd Street - All Locations,17-0966,",",,,,Isaac
1737 NW 62nd Street - Middle,17-0966a,"1737 NW 62nd Street, Seattle",6579119,"MidCity Builders, LLC",(425) 343-5655,Isaac
1739 NW 62nd Street - South,17-0966c,"1739 NW 62nd Street, Seattle",6579120,"MidCity Builders, LLC",(425) 343-5655,Isaac
1816 10th Street West,18-0153,"1816 10th St W, Kirkland",,,,Walter
18th Avenue Residence,18-0239,"130 18th Avenue, Kirkland",BSF16-05868,"DC Granger, Inc.",,Isaac
1923 46th Avenue SW Addition,15-0367,"1923 46th Avenue SW, Seattle",6466044,,,Anthony
200 20th Avenue South,18-0056,"200 20th Ave S, Seattle",6494000,"Greenbuild Development, LL",(253) 414-7367,Jeff
2000 Faben Drive Residence,17-0373,"2000 Faben Drive, Mercer Island",,"Toth Construction, Inc.",(206) 730-1422,Walter
2016 NW 64th Street,18-0112,"2016 NW 64th Street, Seattle",6555150,"Roland Development, LLC",(425) 879-5023,Jeff
2017 Local Street Reconst/Water System - C,17-0638,"Various, Auburn",,,(253) 259-6415,Walter
2017 Material Asphalt and Concrete,18-0470,"6th Avenue from Marion Street to James Street,",,,(425) 269-6615,Isaac
2017 Water System Improvements - Gray &,17-0643,"*see comments (Highline Water District),",,Kar-Vel Construction,,Jeff
2020 15th Avenue South,17-0948,"2020 15th Ave S, Seattle",6575793,"TC Consulting, Inc.",(206) 498-3917,Walter
2037 Yale Avenue East,17-0535,"2037 Yale Ave E, Seattle",6500935,"Blueprint Capital Services, L",206-300-9084,Jeff
20th Avenue NE Apartments,17-0768,"4536 20th Avenue NE, Seattle",6563283,STS Construction Services,(206) 396-7709,Isaac
20th Street,17-0430,"16404 NE 20th Street, Bellevue",17108510BR,Sound Design & Constructio,(760) 917-1019,Jeff
2144 Residence,18-0343,"2144 NW 201st Street, Shoreline",SFR17-0661,"Richmond Homes, LLC",(206) 683-5217,Jeff
2204 14th Avenue South,18-0211,"2204 14th Ave South, Seattle",6475928,,(206) 349-6693,Jeff
22nd St. NE & I St. NE Intersection Improve,18-0195,"22nd St. NE & I St. NE, Auburn",,,,Walter
2328 W. Plymouth Street,17-0912,"2328 W. Plymouth Street, Seattle",6522543,"Smart Build, LLC",(206) 859-3095,Jeff
23rd Avenue Apartments,17-0111,"224 23rd Avenue E, Seattle",6456308,"HyBrid Assembly G.C., LLC",(614) 406-3284,Isaac
2519 NE 82nd Street,18-0464,"2519 NE 82nd St, Seattle",6571738,,,Scott
2525 NE 82nd Street,18-0465,"2525 NE 82nd St, Seattle",6571739,,,Scott
2609 E John Street Coring Drilling/ Integrity,18-0163,"2609 E John St, Seattle",,Insignia Development,(425) 280-7614,Walter
26th Avenue Townhomes - East Lot,17-0908,"111 26th Avenue E, Seattle",6492073,C A James,(206) 948-5423,Isaac
2811 NW Market Street - SIR,18-0167,"2811 NW Market St, Seattle",,,(206) 919-8562,Jeff
2935 198th Avenue SE,18-0406,"2935 198th Avenue SE, Issaquah",BLD2018-01191,"Seismic Northwest, LP",(253) 579-9665,Jeff
29th Avenue House,18-0355,"4880 29th Ave S, Seattle",6557061,"HyBrid Assembly G.C., LLC",(614) 406-3284,Isaac
3021 62nd Avenue SW - Single Family Res,18-0122,"3021 62nd Ave SW, Seattle",6597285,"Hutyler Consulting, LLC",(206) 619-6999,Jeff
3023 62nd Avenue SW - Triplex,18-0004,"3023 62nd Avenue SW, Seattle",6597278,"Hutyler Consulting, LLC",206-619-6999,Jeff
3050 SW Avalon Way (Avalon Ave Micro Ho,17-0235,"3050 SW Avalon Way, Seattle",6327295,"McDowell Northwest, Inc.",(206) 890-8790,Walter
333 Residence,18-0275,"333 25th Avenue E, Seattle",6458069,"Dao Property Development,",(206) 226-2557,Isaac
335 Residence,18-0276,"335 25th Avenue E, Seattle",6458076,"Dao Property Development,",(206) 226-2557,Isaac
3617 73rd Avenue SE,18-0236,"3617 73rd Ave SE, Mercer Island",1704207,"Green City Development, LL",(206) 437-8590,Jeff
3814 Emergency Encampment,18-0095,"3814 4th Ave NE, Seattle",,,(253) 380-3039,Anthony
38th - House #2,17-0689,"4821 38th Avenue SW, Seattle",6522459,West Seattle Modern Desig,(253) 332-9765,Isaac
3932 E Mercer Way,18-0117,"3932 E Mercer Way, Mercer Island",,"Kearsley Homes, Inc.",(425) 478-6380,Jeff
3935 2nd Avenue NE,18-0314,"3935 2nd Ave NE, Seattle",6563458,"Shelter Homes, LLC",(206) 388-6972,Jeff
4025 Stone Way N (Job #1801),18-0205,"4025 Stone Way North, Seattle",6586498,"Village Builders, LLC",(206) 240-8997,Jeff
403 Dexter Apartments - Structural,17-0889a,"403 Dexter Avenue N, Seattle",6561170,"Synergy Construction, Inc.",(206) 510-0136,Jeff
4046 8th Avenue NE,17-0587,"4046 8th Avenue NE, Seattle",6392885,"Build Urban, LLC",206-771-1481,Isaac
423 Terry Avenue,16-0630,"423 Terry Avenue, Seattle",6487144,STS Construction Services,(425) 628-0526,Jeff
4451 Residence,18-0087,"4451 E Mercer Way, Mercer Island",1507-214,Meydenbauer Group,(425) 429-4518,Jeff
4525 Rainier Ave. S. Apartments,16-0856,"4525 Rainier Ave. S., Seattle",6463164,"Rainier 4525, LLC",(978) 265-7838,Walter
4527 Rainier Ave. S. Apartments,16-0857,"4527 Rainier Ave. S., Seattle",6463189,"Rainier 4525, LLC",(978) 265-7838,Walter
45th & Woodlawn,16-0141,"1601 N. 45th St. & 4422 Woodlawn Ave N., Sea","6467882, 6464513",SACO Construction Corpora,(425) 864-4094,Jeff
4801 Fauntleroy Way SW,16-0792,"4801 Fauntleroy Way SW, Seattle",6519881,"Village Builders, LLC",(206) 240-8997,Isaac
48th Street Multi-Family Home,18-0301,"616 N 48th Street, Seattle",6618966,Grouse Mountain Improvem,(360) 801-2648,Jeff
5011 Project,18-0340,"5011 112th Ave NE, Kirkland",BSF17-04413,"DC Granger, Inc.",(206) 459-0007,Isaac
505 Madison Street - SIR,18-0362,"505 Madison Street, Seattle",,,,Jeff
58th Street,17-0791,"2226 NW 58th St, Seattle",6489133,"MidCity Builders, LLC",(425) 343-5655,Isaac
5936 36th Avenue South SIP,18-0412,"5936 36th Ave S, Seattle",304826,"Ashworth Homes, LLC",425-350-4081,Jeff
5th Avenue Townhomes,18-0234,"1918 5th Avenue North, Seattle",6570113,"Teak Construction, LLC",(919) 961-8583,Jeff
6 Nickerson Building,18-0391,"6 Nickerson Street, Seattle",,,,Walter
608 Upholstery Job,17-0938,"608 N 105th Street, Seattle",6552911,"Ryan Cleveland Services, L",(206) 683-4323,Isaac
6301 15th Avenue NW,16-0723,"6301 15th Avenue NW, Seattle",6395391,"Noren Development, LLC",(626) 716-2550,Jeff
6th Street Signal Projects,18-0416,"6th St & 9th St and 9th St & Kirkland Way, Kirkl",,"Johansen Excavating, Inc.",,Anthony
700 Dexter Avenue N Shoring,12-0157,"700 Dexter Avenue N, Seattle",DPD:6319277 / S,,,Anthony
701 Shoreland Dr SE,18-0135,"701 Shoreland Dr SE, Bellevue",16 149043 BS,"Claremont Construction, Inc.",(425) 239-4688,Jeff
7219 56th Avenue NE,18-0237,"7219 56th Ave NE, Seattle",6585698,Seadog Construction,(206) 779-1301,Jeff
73rd Street Apartments,18-0088,"417 NE 73rd Street, Seattle",6460788,"Square Peg Construction, L",,Jeff
76 Gas Station - Kirkland,18-0107,"12235 NE 116th Street, Kirkland",,"Rainier Industries, Ltd.",(425) 981-1273,Jeff
8100 North Garden,17-0968,"8100 Evergreen Lane, Mercer Island",1707-252,"Krekow Jennings, Inc.",(206) 954-5063,Jeff
811 & 813 Residences,18-0278,"811 and 813 S. Warsaw Street, Seattle",6550274,"Lo, Jimmy",(206) 227-6752,Jeff
811 E Boston Townhouse,17-0907,"811 E Boston Street, Seattle",6546751,Seadog Construction,(206) 779-1301,Jeff
8201 Project,18-0305,"8201 232nd Street SE, Woodinville",16-106023-RK,Global Design & Constructio,(360) 202-6641,Jeff
8366 31st Avenue Northwest,18-0143,"8366 31st Ave NW, Seattle",6593126,"LDB Homes, LLC",(206) 459-9289,Jeff
8559 Mary Avenue NW Project,17-0513,"8559 Mary Avenue NW, Seattle",6486960,"Noren Development, LLC",(206) 965-5093,Isaac
96th Street Residence,18-0102,"2141 NW 96th Street, Seattle",6485421,"RD Homes, LLC",(360) 303-2773,Isaac
98th Street SIR,18-0317,"2101 NW 98th Street, Seattle",,,(206) 409-0759,Jeff
Adamson Residence,18-0424,"2643 38th Ave W, Seattle",6654158,Joseph McKinstry Constructi,(206) 948-5511,Isaac
Admiral Way LLC,18-0207,"6001 Admiral Way SW, Seattle",6570799,,(206) 250-9845,Jeff
Airport Dining & Retail Infrastructure Modifica,18-0295,"Central Terminal, SeaTac International Airport,",,Osborne Construction Comp,(425) 553-5347,Isaac
Aitonean Residence,18-0353,"3848 165th Place SE, Bellevue",16-132765BR,"Aitonean, Chris",(206) 713-5967,Walter
Akosua Amaonwu,18-0419,"5618 40th Ave W, Seattle",6572592,Betancourt Construction,,Isaac
Alaska Place,18-0203,"2800 S. Alaska Place, Seattle",6511687,"Valentine Homes, LLC",(206) 850-0068,Jeff
Alberta J Canada Bldg,18-0209,"1114 South 11th Street, Tacoma",BLD CA17-0252,"CDK Construction Services,",,Jeff
Alley Improvements,18-0331,"632 NW 85th St., Seattle",312088,MP Services Inc.,(206) 295-1416,Jeff
Alma Residence,16-0148,"3019 60th Avenue SE, Mercer Island",1502-156,Bender Custom Constructio,(425) 985-0985,Jeff
Aloha,16-0648,"750 11th Avenue East, Seattle",6453779,Arcon Tenant Improvement,425-754-8168,Walter
AMLI Ballard Burncycle,18-0104,"2420 NW Market Street, Seattle",6582149,"Dyna Contracting, Inc.",(310) 613-8974,Walter
Amtrak KSCY Locomotive Facility,17-0617,"187 S. Holgate Street, Seattle",N/A,"PCL Construction Services,",,Walter
Amtrak KSCY Locomotive Facility - Piling,17-0670,"187 S. Holgate Street, Seattle",N/A,"Pacific Pile & Marine, LP",,Walter
Anders Triplex,18-0356,"1202 5th Avenue North, Seattle",6568506,"Gamut360 Holdings, LLC",(206) 370-0721,Isaac
Anderson Addition,18-0282,"7624 Douglas Avenue SE, Snoqualmie",RES2018-004,"Inclign, LLC",(253) 232-6696,Isaac
Ann Taylor - Lynnwood,18-0142,"3000 184th St SW, Lynnwood",,,(503) 381-6329,Jeff
Apostol Residence,17-0857,"4708 46th Ave SW, Seattle",6574964,Manor Construction,(206) 228-3473,Isaac
Apple Store (Seattle),18-0256,"2651 NE 49th Street, Seattle",,,(661) 400-1051,Jeff
Arensberg Residence,18-0273,"4430 193rd Ave SE, Issaquah",BLD16-00415,"Batura Construction, LLC",(425) 890-8306,Isaac
Armstrong Shaughnessy,18-0422,"16014 154th Avenue NE, Woodinville",DWEL17-07345,"Inglewood Construction, Inc.",(206) 992-3603,Walter
Arthur Residence,18-0175,"11 Lummi Key, Bellevue",18-103453BU,Rainier Custom Homes,(206) 445-8307,Jeff
Ashman-Gilliand Residence,18-0010,"122 N 59th Street, Seattle",6588445,"CDB General Contractors, L",(360) 204-9928,Jeff
Assisted Living,17-0546,"5214 42nd Avenue South, Seattle",6547394,"Marpac Construction, LLC",(206) 229-9231,Isaac
Atchison Residence,17-0922,"3909 Howell St, Seattle",6565146,Schuchart-Dow Construction,(206) 510-2371,Walter
Auburn North,18-0439,"Auburn Way N & 15th St. NE, Auburn",,AC Moate Industries,(206) 510-8241,Jeff
Auto Nation Carwash & Auto Detail Facility (,18-0432,"2221 120th Ave NE, Bellevue",17 107594 BM,"Foushee and Associates, In",(425) 417-5238,Walter
Auto Nation Ford of Bellevue - Ford Service,17-0988,"411 116th Ave NE, Bellevue",17-130536BZ,"Foushee and Associates, In",(425) 417-9162,Walter
Auto Nation Mercedes-Benz of Bellevue - HB,18-0184,"11850 Bel-Red Road, Bellevue",,,(805) 665-7194,Isaac
Avinger-Murray Residence,18-0426,"414 16th Avenue East, Seattle",,Ambrose Construction,(224) 595-4548,Jeff
B-26 Renovation Health and Life Sciences B,18-0385,"2400 S. 240th Street, Des Moines",,"Pease Construction, Inc.",,Jeff
Bakerview - Taco Time,18-0044,"4100 Arctic Ave, Bellingham",BLD 2016-20657,"L.D. Sanders Construction,",(360) 239-2308,Isaac
Ballard Orthodontics,18-0217,"1400 NW Market Street, Seattle",6638306,"Plumb Signs, Inc.",(253) 381-6854,Jeff
Ballinger Heated Storage,17-0671,"20029 19th Avenue NE, Shoreline",COM17-0037,"JPR Construction, Inc.",(425) 876-0265,Walter
Bannon Voluntary Retrofit,18-0180,"19505 NE 165th Street, Woodinville",,"A-FFIX, LLC - RETAINER R",(206) 227-4869,Jeff
Banzai Sushi Mezzanine,18-0290,"2141 S 211th Street, Suite G, Des Moines",BLD2018-0233,,(253) 737-8398,Isaac
Banzai Tank Installation,18-0170,"2141 S 211th St, Suite G, Des Moines",BLD2017-1558,,(253) 737-8398,Jeff
Bartos Abode (Residence),18-0158,"1724 NE 14th, Renton",B17002587,"Old Town Builders, LLC",(425) 495-6682,Jeff
Baty Residence,18-0244,"6435 NE Windermere Road, Seattle",6574420,Joseph McKinstry Constructi,,Jeff
Bede Residence,18-0185,"1027 36th Ave E, Seattle",6571443,"Creative Contracting, Inc.",(206) 226-3193,Jeff
Bedrooms and More,14-0864,"324 NE 45th Street, Seattle",6251303,"SCL Enterprises, LLC",(206) 229-6038,Jeff
Beierle Detached Shop,18-0366,"12833 183rd Street SE, Snohomish",17-102059AB,"Beierle, Ben",(425) 877-0728,Isaac
Bellevue 3 - Lot 1,17-0202b,"10333 10th Street SE, Bellevue",16141221-BS,"RM Homes, LLC",(425) 491-1354,Walter
Bellevue 3 - Lot 3,17-0202a,"1013 104th Avenue SE, Bellevue",,"RM Homes, LLC",(253) 486-8622,Walter
Bellevue 8 - East,18-0199,"10720 SE 2nd Street, Bellevue",16-126508,Envision Northwest,(206) 330-0269,Jeff
Bellevue 8 - West,18-0200,"10676 SE 2nd Street, Bellevue",16-126227,Envision Northwest,(206) 330-0269,Jeff
Bellevue BMW,17-0979,"11959 Northup Way, Bellevue",17-110859 BB,"Foushee and Associates, In",(425) 417-5238,Jeff
Bellevue BMW - Braced Frames TI,17-0979a,"11959 Northup Way, Bellevue",18-102931 BZ,"Foushee and Associates, In",(425) 417-5238,Jeff
Bellevue Project,18-0154,"3658 122nd Ave SE, Bellevue",16-131284BS,"High Country Homes, Inc.",(253) 227-4198,Jeff
Ben Bridge Jeweler,18-0334,"81 Southcenter Mall, Tukwila",D18-0042,Shrader & Martinez Constru,(928) 202-1257,Isaac
Bernhardt Creek Landslide Repair,18-0377,"Milepost 1.82 Bernhardt Creek Road, Mapleton,",,Condon-Johnson & Associat,(425) 231-1398,Isaac
Bhy Kracke Park Slope Stabilization,18-0228,"1215 5th Avenue North, Seattle",6553193,"Bayshore Concrete, LLC",,Walter
Big Fish Games,17-0919,"911 Western Ave, Maritime Bldg., fls. 2 - 7, Sea",6592007,"Abbott Construction, Inc.",,Walter
Biggs Residence,17-0223,"22516 9th Avenue SE, Bothell",BSF2017-15734,,,Anthony
Bishop Blanchet High School,17-0286,"8200 Wallingford Avenue North, Seattle",6489379,Joseph S. Simmons Constru,,Walter
Blau-Ogier Renovations,18-0272,"18709 58th Ave NE, Kenmore",BLD18-0060,Blox Construction,(425) 577-4128,Anthony
Block 11 - Structural,16-0866,"1255 Harrison Street, Seattle",6450010,"Exxel Pacific, Inc.",253-359-6218,Jeff
Block 25 - All buildings/phases,17-0064,"Fairview Avenue/Boren Avenue, Seattle",,"GLY Construction, Inc.",,Jeff
Block 25E - Structural,17-0064c,"609 Fairview Avenue North, Seattle",6471434,"GLY Construction, Inc.",(425) 765-0283,Jeff
Block 25E TI,18-0428,"630 Boren Avenue North, Seattle",(pending),"GLY Construction, Inc.",,Jeff
Block 25W - Structural,17-0064d,"630 Boren Avenue North, Seattle",6528917,"GLY Construction, Inc.",(425) 998-3879,Jeff
Block 25W TI,18-0427,"630 Boren Avenue North, Seattle",(pending),"GLY Construction, Inc.",,Jeff
Block 31 - Structural,17-0068a,"625 Boren Avenue North, Seattle",6528924,"GLY Construction, Inc.",(425) 998-3879,Jeff
Block 47,17-0217,"910 John Street, Seattle",6462238,WG Clark Construction Com,(206) 255-7038,Jeff
Block 52 West - Structural,16-0867a,"300 8th Avenue North, Seattle",6355538,"Lease Crutcher Lewis, Inc.",,Jeff
Block 57 East - Structural,16-0868a,"333 8th Avenue North, Seattle",6355565,"Lease Crutcher Lewis, Inc.",,Jeff
Blu Dot Seattle,18-0109,"401 East Pine Street, Seattle",6588836,Deacon Construction,,Isaac
BNSF Auburn Retaining Walls Project,18-0098,"1301 A Street SE, Auburn",,,916-436-6560,Walter
Boeing - 777X FBJ Saddle Tooling Fambu (E,18-0152,", Everett",,"Electroimpact, Inc.",,Isaac
Boeing - Airplane Stall Expansion - B-Line an,16-0594,"8010 East Marginal Way, Tukwila",GRDE16-0015,Gary Merlino Construction C,206-391-4938,Walter
Boeing - Apron D Utility Replacement Project,18-0042,"401 Logan Ave N, Renton",,IMCO General Construction,(360) 410-8927,Walter
Boeing - Bldg. 17-06 - Install High Speed Sp,14-0481,"Bldg. 17-06, Auburn",ALT14-0040,"Lease Crutcher Lewis, Inc.",(206) 660-8538,Walter
Boeing - Bldg. 17-06 Spar Check Fixtures -,16-0637,"Bldg. 17-06, Auburn",,Clements General Construct,,Walter
Boeing - Bldg. 17-07 Dual Gantry Foundation,16-0009,"Bldg. 17-07, Auburn",,Advanced Technology Const,(360) 515-6206,Walter
Boeing - Bldg. 17-07 EO 5 Axis Hard Metal H,17-0391,"Bldg. 17-07, Auburn",TEN17-0041,"Dahlgren Industrial, Inc.",(206) 423-9084,Walter
Boeing - Bldg. 17-07 Install Generator,17-0998,"Bldg. 17-07, Auburn",,Clements General Construct,,Walter
Boeing - Bldg. 17-09 Install Air Dryer on Roof,18-0093,"Bldg. 17-09, Auburn",TEN17-0156,"Lease Crutcher Lewis, Inc.",(253) 249-8538,Walter
Boeing - Bldg. 17-10 ATS,18-0281,"Bldg. 17-10 Col D/4, Auburn",TEN 16-0013,"Lease Crutcher Lewis, Inc.",(253) 391-6496,Walter
Boeing - Bldg. 17-10 CTSC Install Washer Fi,18-0172,"Bldg. 17-10, Auburn",,The Boeing Company,(253) 657-2323,Walter
Boeing - Bldg. 17-10 Replace Coating Cham,16-0688,"Bldg. 17-10 Col. A-B/5-6, Auburn",,,,Walter
Boeing - Bldg. 17-12 Brushless Motor Drive,18-0293,"Bldg. 17-12, Auburn",Pending,"Dahlgren Industrial, Inc.",(206) 437-0406,Walter
Boeing - Bldg. 17-45 Hydro Press Installation,17-0410,"Bldg. 17-45, Auburn",TEN17-0042,Omega General Contractors,(206) 255-7486,Walter
Boeing - Bldg. 17-45 IAS Freezer for Sheet L,18-0258,"Bldg. 17-45, Auburn",n/a,Clements General Construct,,Walter
Boeing - Bldg. 17-45 IAS Right Size Laser,18-0212,"Bldg. 17-45, Auburn",,Clements General Construct,(253) 793-3946,Walter
Boeing - Bldg. 17-45 Taper Strip Mill,18-0393,"Bldg. 17-45, Auburn",TEN18-0078,Omega Riggers & Erectors,(253) 426-2294,Walter
Boeing - Bldg. 17-45 Yoder Rearrange Part 2,16-0934,"Bldg. 17-45, Col A.2-A.4/7.6-7.8, Auburn",,"Dahlgren Industrial, Inc.",,Walter
Boeing - Bldg. 17-68 85 Ton Press Hatch,18-0155,"Bldg. 17-68, Auburn",none,Clements General Construct,(206) 793-4260,Walter
Boeing - Bldg. 17-68 AMS Laser Replaceme,18-0048,"Bldg. 17-68, Auburn",TEN17-0132,Clements General Construct,(206) 255-1034,Walter
Boeing - Bldg. 17-75 New Equipment,18-0435,"Bldg. 17-75, Auburn",,"Lease Crutcher Lewis, Inc.",(206) 660-8538,Walter
Boeing - Bldg. 17-75 Workforce Readiness,17-0051,"Bldg. 17-75, Auburn",GRA16-0020/BLD,"Lease Crutcher Lewis, Inc.",(206) 510-5134,Walter
Boeing - Bldg. 17-88 ORC,18-0106,"Bldg. 17-88 (S. end of Boeing), Auburn",,"Lease Crutcher Lewis, Inc.",,Walter
Boeing - Bldg. 24-40 Replace Chiller Cooling,17-0683,"Bldg. 24-40, Frederickson",841764/ 841715,Schuchart Corporation,,Walter
Boeing - Bldg. 24-60 Cantilever Rack,18-0357,"Bldg. 24-60, Frederickson",,The Boeing Company,(253) 298-2442,Walter
Boeing - Bldg. 24-60 Double Plus Chord #4,18-0220,"18001 Canyon Rd East, Bldg. 24-60, Fredericks",880790,"Lease Crutcher Lewis, Inc.",(206) 396-5421,Walter
Boeing - Bldg. 24-60 Double Plus Chord Mill,17-0688,"Bldg. 24-60, Fredrickson",866692,"Lease Crutcher Lewis, Inc.",(253) 548-7532,Walter
Boeing - Bldg. 24-60 Install Overhead Tracer,17-0845,"Bldg. 24-60, Frederickson",,Clements General Construct,(206) 793-4260,Walter
Boeing - Bldg. 24-60 Makino T-Chord Mill Ca,18-0350,"Bldg. 24-60, Frederickson",881546,"Lease Crutcher Lewis, Inc.",(253) 255-5284,Walter
Boeing - Bldg. 40-04 Steam Header,17-0060,"Bldg. 40-04, Everett",,Greenberry Industrial,,Walter
Boeing - Bldg. 40-04 Steam Line Reroute,17-0927,"Bldg. 40-04, Everett",,Greenberry Industrial,360-739-8262,Walter
Boeing - Bldg. 40-05 777x Palletized Racewa,18-0283,"Bldg. 40-05, Everett",,Washington Patriot Constru,(253) 380-9918,Walter
Boeing - Bldg. 40-22 LRA Relocation FAMB,18-0213,"Bldg 40-22, Everett",,General Construction,(425) 330-3117,Walter
Boeing - Bldg. 40-24 - 2704 Boom,17-0987,"Bldg. 40-24, Everett",,Kiewit General,(425) 330-3117,Walter
Boeing - Bldg. 40-24 777x Factory Transfor,17-0378,"Bldg. 40-24, Everett",,General Construction Comp,,Walter
Boeing - Bldg. 40-25 Final Body Join (FBJ),18-0197,"Bldg. 40-25, Everett",,General Construction Comp,(360) 815-2387,Walter
Boeing - Bldg. 40-25 FT - 777 Wing Body Jo,18-0084,"Bldg. 40-025, Everett",,General Construction Comp,(360) 815-2387,Walter
Boeing - Bldg. 40-25 FT - 777x SI Gleason P,18-0196,"Bldg. 40-25, Everett",,General Construction Comp,(360) 815-2387,Walter
Boeing - Bldg. 40-25 FT Wing Body Join (M,18-0445,"Bldg. 40-25, Everett",,General Construction Comp,(360) 815-2387,Walter
Boeing - Bldg. 40-27 777X Mid Bodies Positi,18-0247,"Bldg. 40-27, Everett",,General Construction Comp,,Walter
Boeing - Bldg. 40-33 767 Long Load Design,18-0026,"Bldg. 40-33, Everett",,General Construction Comp,,Walter
Boeing - Bldg. 40-41 777x Fatigue Structure,18-0027,"Bldg. 40-41, Everett",B1712-026,Skanska USA Commercial,(206) 799-7710,Walter
Boeing - Bldg. 40-54 VLM Install,18-0442,"Building 40-54, Everett",n/a,Raymond Handling Concept,(253) 243-5708,Walter
Boeing - Bldg. 40-56 Automatic Silk Screen,18-0450,"Bldg. 40-56, Everett",,Skanska USA Commercial,,Walter
Boeing - Bldg. 40-56 HPS Upgrade,17-0434,"Bldg. 40-56, Everett",,Greenberry Industrial,,Walter
Boeing - Bldg. 40-56 IRC Integrated Paint Fa,17-0715,"Bldg. 40-56, Everett",B1707-052,Skanska USA Commercial,(206) 919-8056,Walter
Boeing - Bldg. 40-56 LSAM Printer,18-0294,"Bldg. 40-56, Everett",,Skanska USA Commercial,(206) 316-7117,Walter
Boeing - Bldg. 40-58 777X Hydronic Heating,16-0622,"Bldg. 40-58, Everett",,,,Walter
Boeing - Bldg. 40-58 Autoclave Plate Load T,18-0279,"Bldg. 40-58, Everett",,ASC Process Systems,,Anthony
Boeing - Bldg. 40-58 Crane Rail Realignment,17-0377,"Bldg. 40-58, Everett",,,,Walter
Boeing - Bldg. 40-58 PGD Stringer Debag P,18-0411,"Bldg. 40-58 Col E3, Everett",,Hoffman Construction,,Walter
Boeing - Bldg. 40-58 PGT Stringer Trim & Dr,15-0674,"Bldg. 40-58 WBS #1.4.2.2.05, Everett",,Hoffman Construction Comp,,Walter
Boeing - Bldg. 40-58 PHP-2 Panel Paint Pha,17-0696,"Bldg. 40-58, Everett",,Hoffman Construction Comp,,Walter
Boeing - Bldg. 40-58 PHX Panel Repair,17-0137,"Bldg. 40-58, Everett",,,,Walter
Boeing - Bldg. 40-58 Spar Lamination Phase,18-0460,"Bldg. 40-58, Everett",,Hoffman Construction,,Walter
Boeing - Bldg. 40-58 USK Blower #2 Installat,18-0181,"Bldg. 40-58, Everett",,General Construction,425-315-2769/ (52,Walter
Boeing - Bldg. 45-01 Crane Stacker #10,18-0440,"Building 45-01, Everett",n/a,Skanska USA Commercial,206-328-9235,Walter
Boeing - Bldg. 45-01/ 45-03 Handrail Welds,18-0080,"Bldg. 45-01/ 45-03, Everett",,Skanska USA Commercial,,Walter
Boeing - Bldg. 45-12 Phase 2 - EDC Static T,17-0185,"Bldg. 45-12, Everett",B1506-006,Skanska USA Commercial,(206) 919-8056,Walter
Boeing - Bldg. 45-334 Compressed Air Upgr,18-0451,"Bldg. 45-334, Everett",,General Construction Comp,(425) 321-6478,Walter
Boeing - Bldg. 45-334 Upgrades Mitsubishi S,18-0344,"Bldg. 45-334, Everett",,General Construction Comp,(360) 461-9111,Walter
Boeing - Bldg. 45-YD Stall Modifications Pha,17-0612,"Bldg. 45-YD, Everett",,Gary Merlino Construction C,,Walter
Boeing - Site Industrial Waste,17-0945,"Bldg. 40-58 Tank Room to Bldg. 40-33, Everett",n/a,Greenberry Industrial,(409) 293-8496,Walter
Boeing - Tool #TMR130201 4ME140T0001,17-0363,"Bldg. 40-22, Everett",,Boeing Everett Tool Depart,(425) 210-9961,Walter
Boeing - Tool #TMR131263 2FME144W000,17-0719,"Bldg. 40-37 Col BG14, Everett",,Boeing Everett Tool Depart,(425) 210-5506,Walter
Boeing - Tool #TMR131265 2FME144W000,17-0718,"Bldg. 40-37 Col C11, Everett",,Boeing Everett Tool Depart,(425) 210-5506,Walter
Boeing - Tool #TMR131381 MIT112T3000,17-0783,"Bldg. 40-22, Everett",,Boeing Everett Tool Depart,(425) 210-9961,Walter
Boeing - Tool #TMR131806 FAJ152W3000,18-0110,"Bldg. 50-53, Col. 6.5, Everett",,Boeing Everett Tool Depart,(425)760-1084,Walter
Boeing - Tool #TMR131847 31ME140W000,17-0872,"Bldg. 40-25, Everett",,Boeing Everett Tool Depart,(425) 791-4867,Walter
Boeing - Tool #TMR132540 2FME115W200,18-0121,"Bldg. 40-02 Column A3, Everett",,Boeing Everett Tool Depart,(425) 387-3232,Walter
Boeing - Tool #TMR132573 11ME110W166,18-0137,"Bldg. 40-35 L 11.5, Everett",,Boeing Everett Tool Depart,(425) 791-4867,Walter
Boeing - Tool #TMR132581 FME332W2000,18-0133,"Bldg. 40-54.1 Line C1.3 Door S-6, Everett",,Boeing Everett Tool Depart,(425) 870-3225,Walter
Boeing - Tool #TMR132666 FME180W0100,18-0240,"Bldg. 40-37, Col B12.5, Everett",,Boeing Everett Tool Depart,(425) 212-7018,Walter
Boeing - Tool #TMR132724 PME284W7001-,18-0166,"Bldg. 40-53 Column F8.5, Everett",,Boeing Everett Tool Depart,(425) 309-1989,Walter
Boeing - Tool #TMR132762 PME284W7001-,18-0177,"Bldg. 40-53 Column F8.5, Everett",,Boeing Everett Tool Depart,(425) 309-1989,Walter
Boeing - Tool #TMR132764 PME284W7002-,18-0182,"Bldg. 40-53 Col F8.5, Everett",,Boeing Everett Tool Depart,(425) 309-1989,Walter
Boeing - Tool #TMR132778 PME284W7003-,18-0188,"Bldg. 40-53, Col F8-5, Everett",,Boeing Everett Tool Depart,(425) 309-1989,Walter
Boeing - Tool #TMR132779 PME284W7003-,18-0192,"Bldg. 40-53, Col F8.5, Everett",,Boeing Everett Tool Depart,(425) 309-1989,Walter
Boeing - Tool #TMR132784 3FME332W200,18-0190,"Bldg. 40-54, Door S-6, Everett",,Boeing Everett Tool Depart,(425) 870-3225,Walter
Boeing - Tool #TMR132786 4FME332W200,18-0187,"Bldg. 40-54, Door S-6, Everett",,Boeing Everett Tool Depart,(425) 870-3225,Walter
Boeing - Tool #TMR132877 FME110W3200-,18-0225,"Bldg. 40-37 Col B12.5, Everett",,Boeing Everett Tool Depart,(425) 791-4867,Walter
Boeing - Tool #TMR132880 FME110W3200-,18-0224,"Bldg. 40-37 Column B12.5, Everett",,Boeing Everett Tool Depart,(425) 791-4867,Walter
Bordeaux Apartments,18-0140,"16520 North Road, Bothell",,"Oak Homes, Inc.",(206) 948-9542,Jeff
BPA Snohomish & Beverly Substation Park,18-0457,"914 Avenue D, Snohomish",,High Country Line Constructi,(509) 760-4436,Jeff
Bradley Residence,17-0292,"9841 51st Avenue SW, Seattle",6519461,Johnson Brothers Constructi,(206) 510-7910,Jeff
Brasch Residence Moment Frame,18-0077,"8035 42nd Avenue NE, Seattle",6582934,Johnson-Lyric Construction,(206) 227-4565,Jeff
Brennan Residence,17-0918,"3920 Boyd Place SW, Seattle",6517058,"Denali Builders, LLC",(509) 781-0658,Jeff
Brooks Retail,18-0183,"24110 Bothell Everett Hwy, Bothell",BNR2017-17450,"DP, Inc.",(206) 423-7801,Jeff
Browns Point Elementary School,17-0850,"1526 51st Street NE, Tacoma",see below,Skanska USA Commercial,(206) 418-9660,Walter
Bryant Heights at Ravenna,15-0369,"3300 NE 65th Street, Seattle",6374770/6416569,Polygon Northwest,425-766-4572,Walter
Burbank View 1,18-0159,"8151 SE 24th Street, Mercer Island",1612-119,"John Day Homes, Inc.",(425) 531-0184,Jeff
Burbank View 2,18-0441,"8157 SE 24th Street, Mercer Island",1703-116,"John Day Homes, Inc.",(425) 531-0184,Isaac
Butterworth Building,17-0257,"1921 1st Avenue, Seattle",6502718,"Charter Construction, Inc.",(206) 841-6675,Jeff
Cabot Kent Upland Corporate Park,18-0248,"22647 72nd Ave So., Kent 98032",197794,Schuchart Corporation,(206) 769-8968,Jeff
Cambridge Apartments Renovation,16-0933,"903 Union Street, Seattle",6495645,"Rafn Company, Inc.",(206) 510-2934,Walter
Capen-Davis Residence,18-0231,"2537 37th Avenue West, Seattle",6581940,Joseph McKinstry Constructi,(206) 406-9404,Isaac
Carter VW,17-0467,"5204 Leary Avenue NW, Seattle",6517897,"R Miller, Inc.",(206) 459-0650,Isaac
Cascadia Flats,17-0787,"1141 N 91st Street, Seattle",6558799,Turnkey Builders,(206)353-1361,Isaac
Cedar Crest Building C,18-0373,"9523 NE 180th Street, Bothell",BMF2017-15448,"Charter Construction, Inc.",(206) 573-0770,Jeff
Cedar Falls Administration Building,17-0311,"19901 Cedar Falls Road SE, North Bend",COMM16-0004,"Pease & Sons, Inc.",(206) 727-8749,Walter
Cedar Falls Radio Tower,17-0311a,"19901 Cedar Falls Road SE, North Bend",,"Pease & Sons, Inc.",(206) 727-8749,Walter
Cedar Park North,18-0311,"919 221st Place SE, Bothell",BMF2018-18561,"RM Homes, LLC",(425) 336-9366,Isaac
Cedar Park South,18-0243,"919 221st Street SE, Bothell",BMF2017-17786,"RM Homes, LLC",(425) 336-9366,Isaac
Cedar River Terrace Apartments,18-0168,"51 Burnett Avenue South, Renton",,Walsh Construction Compa,206.459.2792,Walter
Cedardale Apartments,18-0261,"2501 SW 336th Street, Federal Way",17-104805-00-CO,Deacon Construction,(425) 247-6658,Isaac
Central Island Short Plat,18-0324,"3413 NE 7th Street, Renton",(they will call with t,Central Island,(425) 829-7317,Walter
Certainteed Partial Re-Roof Project,17-0488,"5931 East Marginal Way South, Seattle",6598161,Centimark Roof Systems,(253) 320-8169,Walter
CGI - Honeywell,18-0221,"15001 NE 36th Street Bldg 3, Redmond",BLDG-2017-0774,"Rainier Industries, Ltd.",(206) 335-3622,Isaac
Chainqui Urban Green Villa - Structural,17-0094a,"2401 3rd Avenue, Seattle",6505691,JTM Construction,(206) 445-5395,Jeff
Chan Residence (Michael),17-0742,"5455 Pleasure Point Lane SE, Bellevue",15-116614 BS,"Chan, Michael",(206) 650-7410,Isaac
CHC Everett - HBI860147,17-0781,", Everett",,,,Jeff
Cherry Hill Residence**,18-0241,"9713 NE 13th Street, Clyde Hill",BLD2016-125,"Barcelo Homes, Inc.",(253) 335-0146,Isaac
Christianson Seismic Retrofit,18-0321,"15625 Maplewild Avenue SW, Burien",BLD-18-0892,"A-FFIX, LLC - RETAINER R",(206) 227-4869,Isaac
City & County of San Francisco 2018,18-0036,"5200 Airport Way South, Seattle",,"Olympic Foundry, Inc.",(206) 764-1200,Walter
Clawson Laster Residence,18-0448,"1512 32nd Avenue South, Seattle",6615867,"McDowell NW Pile King, Inc.",(206) 510-4218,Isaac
Cle Elum Dam Fish Passage Facility Juvenil,17-0276,"1253 Lake Cle Elum Dam Road, Ronald",,Condon-Johnson & Associat,(206) 793-4538,Anthony
Colman Building,17-0168,"401 East Pine Street, Seattle",6565921,"Crossgrain Construction, LL",(206) 939-7596,Isaac
Colman Dock Project,18-0022,"801 Alaskan Way S, Seattle",not applicable,"Pacific Pile & Marine, LP",(206) 459-5998,Isaac
Comstock,16-0692,"210 W. Comstock Street, Seattle",6354219,"Barcelo Homes, Inc.",(253) 394-6587,Jeff
Connell Residence,18-0136,"4214 28th Pl W, Seattle",6639813,"Hansen & LeRoy, LLC",(206) 200-3122,Isaac
Cote Whissell Residence,18-0313,"3520 31st Avenue W., Seattle",6586808,,,Isaac
Cottage on the Cove,17-0833,"6 Front St NE, Coupeville",,Excavators Northwest,,Anthony
Coursen Residence Floating Home,18-0189,"1214 East Hamlin Street #9, Seattle",6590151,Dan Kipperberg Constructio,425-345-5636,Isaac
Covington Water District C4 Tap & Transmis,18-0119,"SE 300th and 188th SE, Covington",,"McKinstry Company, LLC",(206) 446-8165,Jeff
Crest Development,18-0285,"29517 176th Avenue SE, Covington",B07L0300,Pinnacle Peak Construction,(206) 510-3353,Jeff
Crossroads Village - All Buildings,17-0048,"15751 NE 15th Street (sales ofc), Bellevue",,Polygon Northwest,,Walter
Crossroads Village - Bldg. 01,17-0048v,"15813 NE 15th Street, Bellevue",16-134223BB,Polygon Northwest,,Walter
Crossroads Village - Bldg. 05,17-0048w,"1453 159th Pl NE, Bellevue",16-134221BB,Polygon Northwest,,Walter
Crossroads Village - Bldg. 06,17-0048q,"1444 159th Place NE, Bellevue",16-134222BB,Polygon Northwest,,Walter
Crossroads Village - Bldg. 07,17-0048u,"15899 NE 14th Road, Bellevue",16-134166BB,Polygon Northwest,(425) 229-4574,Walter
Crossroads Village - Bldg. 08,17-0048p,"15785 NE 14th, Bellevue",16-134169,Polygon Northwest,(253) 341-7408,Walter
Crossroads Village - Bldg. 09,17-0048r,"1424 158th PL NE, Bellevue",16 134171BB,Polygon Northwest,(253) 341-7408,Walter
Crossroads Village - Bldg. 10,17-0048s,"1434 158th CT NE, Bellevue",16 134170BB,Polygon Northwest,(253) 341-7408,Walter
Crossroads Village - Bldg. 11,18-0336a,"1484 158th CT NE, Bellevue",16-134224BB,Polygon Northwest,(253) 341-7408,Walter
Crossroads Village - Bldg. 13,17-0048i,"1403 158th Place NE, Bellevue",,Polygon Northwest,(253) 341-7408,Walter
Crossroads Village - Bldg. 14,17-0048j,"1423 158th Place NE, Bellevue",16-129243BB,Polygon Northwest,(253) 341-7408,Walter
Crossroads Village - Bldg. 15,17-0048d,"1490 157th Ct NE, Bellevue",,Polygon Northwest,,Walter
Crossroads Village - Bldg. 16,17-0048a,"15751 NE 14th Street, Bellevue",16-129200,Polygon Northwest,,Walter
Crossroads Village - Bldg. 18,17-0048n,"15785 NE 14th RTE, Bellevue",16-134161,Polygon Northwest,(425) 229-4574,Walter
Crossroads Village - Bldg. 19,17-0048o,"15775 NE 14th RTE, Bellevue",16-134162,Polygon Northwest,(425) 229-4574,Walter
Crossroads Village - Bldg. 20,17-0048l,"15742 NE 14th ALY, Bellevue",16-130946BB,Polygon Northwest,,Walter
Crossroads Village - Bldg. 21,17-0048m,"15764 NE 14th ALY, Bellevue",16-134163,Polygon Northwest,(425) 229-4574,Walter
Crossroads Village - Bldg. 22,17-0048k,"15775 NE 14th Alley, Bellevue",16-130947BB,Polygon Northwest,,Walter
Crossroads Village - Bldg. 23,17-0048g,"15735 NE 14th, Bellevue",16-129201BB,Polygon Northwest,,Walter
Crossroads Village - Bldg. 24,17-0048h,"15794 14th Terrace, Bellevue",16-130948-BB,Polygon Northwest,,Walter
Crossroads Village - Bldg. 25,17-0048e,"15722 NE Terrace, Bellevue",16-129208BB,Polygon Northwest,,Walter
Crossroads Village - Bldg. 26,17-0048b,"15725 NE 14th Street, Bellevue",16-12909-BB,Polygon Northwest,,Walter
Crossroads Village - Bldg. 27,17-0048c,"15725 NE 14th Street, Bellevue",16-129210-BB,Polygon Northwest,,Walter
Crossroads Village - Bldg. 28,17-0048f,"1414 157th Place NE*, Bellevue",16 129211 BB,Polygon Northwest,,Walter
Crossroads Village - Fire Lane,17-0048t,"Various, Bellevue",16 122255FN,Polygon Northwest,(253) 341-7408,Walter
Crossroads Village - Park Interface,18-0336b,"15751 NE 15th Street, Bellevue",16-102816GB,Polygon Northwest,425-791-5395,Walter
Crown Hill Apartments,18-0216,"8509 14th Avenue NW, Seattle",6509441,Green Build Homes,(425) 359-5805,Isaac
Danilet Apartments (NCLA),18-0268,"1419 183rd Street SE, Bothell",,"ODI, LLC",(206) 383-7878,Jeff
Das-Goorha Residence,17-0900,"22025 NE 150th Street, Woodinville",ADDC17-0548,"Gregerson Custom Homes,",(425) 691-0042,Isaac
Dayton Duplex,17-0972,"423 N 47th Street, Seattle",6506266,"Top Floor Homes, LLC",(206) 683-9791,Isaac
DCI,18-0108,"19717 62nd Avenue S, Suite #101, Kent",,"Foushee and Associates, In",(425) 941-7348,Jeff
Dearth Residence,18-0458,"1934 11th Avenue West, Seattle",6531138,Bender Custom Constructio,(425) 829-8445,Isaac
Delridge Way SW Townhomes,18-0037,"4534 Delridge Way SW, Seattle",,,,Scott
Department of Social and Health Services,18-0111,"981 Powell Avenue SW, Renton",B17004904,"DP, Inc.",(425) 220-4080,Isaac
DeYoung Park Improvements,18-0368,"13680 NE 175th Street, Woodinville",PW 17-0233,Accord Contractors,,Isaac
Dillano's Tenant Improvement,18-0059,"1620 45th Street E, Sumner",BLD2017-0288,Auburn Commercial Develo,(253) 261-8832,Walter
Discount Tire (Yakima),18-0103,"1833 1st Street, Yakima",N/A,Steve Julius Construction,949-400-2694,Anthony
Dockside Leary Way,17-0930,"4601 Leary Way NW, Seattle",6542076,Bennion Construction,(206) 399-8289,Isaac
Dolarshop Restaurant - Bravern,18-0058,"11020 NE 6th Street, Bellevue",17-116228BZ,"Tim Construction, LLC",(425) 999-7979,Walter
Donelson Residence,17-0989,"354 W Lake Sammamish Pkwy NE, Bellevue",BL 17118406,Sockeye Homes,(253) 376-0906,Jeff
Dong Residence,17-0835,"4225 West Mercer Way, Mercer Island",,,,Scott
E320 Sound Transit - HBI860140,17-0716,"1500 112th Avenue SE, Bellevue",,"Hayward Baker, Inc.",(206) 612-7196,Jeff
East Bay Harbour,18-0361,"912 East Bay Drive, Olympia",,"McLeod Construction, LLC",,Isaac
East Link Light Rail I-90 Segment (E130),16-0860,"2510 77th Avenue SE* (MI Station), Mercer Isla",,Kiewit-Hoffman East Link C,206-549-5289,Jeff
East Link Light Rail Project (E360 Segment),17-0274,"Near SR 520 at NE 20th St. to OTC Station, Bel",,,,Walter
Eastgate Plaza,18-0157,"15100 SE 38th Street, Bellevue",17 126433 BV,"Clearcreek Contractors, Inc.",(206) 551-7513,Walter
Eclipse Townhomes - All Buildings,16-0804,"3300 Eclipse Mill Road, Everett",SEE NOTES,,,Walter
Eclipse Townhomes - Bldg. 01,16-0804d,"3302 31st Drive, Everett",C1606-069 thru 07,Polygon Northwest,(425) 891-2727,Walter
Eclipse Townhomes - Bldg. 02,16-0804f,"3301 31st Drive, Everett",C1604-020 thru 02,Polygon Northwest,(425) 891-2727,Walter
Eclipse Townhomes - Bldg. 03,16-0804g,"3313 to 3323 31st Drive, Everett",C1604-026 to 31,Polygon Northwest,(425) 891-2727,Walter
Eclipse Townhomes - Bldg. 04,16-0804i,"3325 to 3335 31st Drive, Everett",C1604-032 to 37,Polygon Northwest,(425) 891-2727,Walter
Eclipse Townhomes - Bldg. 05,16-0804h,"3337 to 3345 31st Drive, Everett",C1603-026 to 30,Polygon Northwest,(425) 891-2727,Walter
Eclipse Townhomes - Bldg. 06,16-0804e,"3322 31st Drive, Everett",C1604-068 thru 07,Polygon Northwest,(425) 891-2727,Walter
Eclipse Townhomes - Bldg. 07,16-0804j,"3336 to 3346 31st Drive, Everett",C1604-074 thru 07,Polygon Northwest,(425) 891-2727,Walter
Eclipse Townhomes - Bldg. 08,16-0804k,"3347 to 3355 31st Drive, Everett",C1603-031 to 035,Polygon Northwest,(425) 891-2727,Walter
Eclipse Townhomes - Bldg. 09,16-0804l,"3401 31st Drive, Everett",C1603-036 thru 04,Polygon Northwest,(425) 891-2727,Walter
Eclipse Townhomes - Bldg. 10,16-0804m,"3350 31st Drive, Everett",C1604-080 thru 08,Polygon Northwest,(425) 891-2727,Walter
Eclipse Townhomes - Bldg. 11,16-0804y,"3411 31st Drive, Everett",C1604-038,Polygon Northwest,,Walter
Eclipse Townhomes - Bldg. 12,16-0804x,"3423 31st Dr., Everett",,Polygon Northwest,,Walter
Eclipse Townhomes - Bldg. 13,16-0804t,"3412 31st Dr., Everett",1604-086 to 092,Polygon Northwest,(425) 891-2727,Walter
Eclipse Townhomes - Bldg. 14,16-0804w,"3458 31st Drive, Everett",C1604-092 thru 09,Polygon Northwest,(425) 328-5811,Walter
Eclipse Townhomes - Bldg. 15,18-0287d,"3435 31st Drive, Everett",C1604-050 thru 05,Polygon Northwest,(425) 891-2727,Walter
Eclipse Townhomes - Bldg. 18,16-0804a,"3300 Eclipse Mill Rd (3458 31st Drive), Everett",C1602-016 thru 01,Polygon Northwest,(425) 891-2727,Walter
Eclipse Townhomes - Bldg. 19,16-0804b,"3511 31st Drive, Everett",C1602-020 thru 02,Polygon Northwest,(425) 891-2727,Walter
Eclipse Townhomes - Bldg. 20,16-0804c,"3300 Eclipse Mill Road, Everett",C1604-098 thru 10,Polygon Northwest,(425) 891-2727,Walter
Eclipse Townhomes - Bldg. 21,16-0804u,"3339 30th Drive, Everett",C1604-104 thru 10,Polygon Northwest,(425) 891-2727,Walter
Eclipse Townhomes - Bldg. 22,16-0804n,"3405 30th Drive, Everett",C1604-112 thru 11,Polygon Northwest,(425) 891-2727,Walter
Eclipse Townhomes - Bldg. 23,16-0804o,"3410 30th Drive, Everett",C1603-050 thru 05,Polygon Northwest,(425) 891-2727,Walter
Eclipse Townhomes - Bldg. 24,16-0804r,"3409-3419 30th Drive, Everett",C1604-118 thru 12,Polygon Northwest,(425) 891-2727,Walter
Eclipse Townhomes - Bldg. 25,16-0804p,"3414 to 3420 30th Drive, Everett",C1604-056 to C16,Polygon Northwest,(425) 377-9262,Walter
Eclipse Townhomes - Bldg. 26,16-0804s,"3423-3435 30th Drive, Everett",C1606-076 thru 08,Polygon Northwest,(425) 891-2727,Walter
Eclipse Townhomes - Bldg. 27,16-0804q,"3011 34th Place, Everett",C1606-097 thru 10,Polygon Northwest,(425) 891-2727,Walter
Eclipse Townhomes - Bldg. 28,16-0804v,"3002-3012 34th Place, Everett",C1606-102 thru 10,Polygon Northwest,(425) 891-2727,Walter
Eclipse Townhomes - Bldg. 29,18-0287c,"3439 - 3451 30th Drive, Everett",C1606-083 to 089,Polygon Northwest,(425) 891-2727,Walter
Eclipse Townhomes - Bldg. 31,16-0804z,"3001 35th Street, Everett",C1604-062 thru 06,Polygon Northwest,(425) 891-2727,Walter
Eclipse Townhomes - Bldg. 32,18-0287b,"3208 30th Avenue, Everett",C1606-108 thru 11,Polygon Northwest,(425) 891-2727,Walter
Eclipse Townhomes - Bldg. 33,18-0287a,"3008 35th St, Everett",C1606-115 to 118,Polygon Northwest,(425) 891-2727,Walter
Ederer Residence,18-0374,"4620 South Bradford Street, Seattle",6549984,"Underwood Fine Carpentry,",206-437-1839,Isaac
Edgewater Inn,14-0872,"2411 Alaskan Way, Seattle",6282145,"Stillwater Marine, Inc.",(206) 450-3225,Walter
Edgewood Veterinary Clinic,17-0875,"1311 Meridian Ave. E, Edgewood",,,,Scott
Escala Condominium Building,17-0663,"1920 4th Avenue, Seattle",6573576,,(206) 228-0158,Walter
Eskridge Phase II,18-0160,"2210 89th Ave NE, Clyde Hill",BLD 2018-0008,STS Construction Services,(206) 854-9082,Isaac
Evans Residence,18-0129,"2155 6th Avenue North, Seattle",6491441,"cMac, Inc.",(206) 719-4727,Walter
Excellence Health and Fitness (2015),15-0601,"4100 Aurora Avenue North, Seattle",6407437,"Promondo, LLC",(206) 859-1026,Jeff
Exeter Residence,18-0028,"10522 Exeter Ave NE, Seattle",6564782,"Raincap Construction, Inc.",(206) 661-5737,Isaac
Expo Apartment - SIR,18-0139,"118 Republican Street, Seattle",,Westlake Consulting Group,(509) 378-9936,Jeff
Exterior Façade Upgrades,17-0881,"83 S. King Street, Seattle",6605284,Pioneer Masonry Restoratio,,Jeff
Fanning Residence,18-0316,"901 1st Street, Kirkland",BSF17-05299,JC Enterprises Construction,425-442-0332,Isaac
Federal Way Holiday Inn Express,18-0274,"34413 Pacific Highway South, Federal Way",,"Henderson Partners, LLC",(253)279-7597,Jeff
Feola,18-0418,"18228 25th Drive SE, Bothell",,"Charter Construction, Inc.",(541) 861-8422,Isaac
Fire Station #31,17-0566,"1319 North Northgate Way, Seattle",6532063,Reynolds General Contracti,(206) 707-5877,Walter
Fire Station #5,18-0051,"925 Alaskan Way, Seattle",6585297,American Construction,(408) 896-6051,Walter
Fishman Condos - SIR,18-0193,"2821 2nd Avenue, Seattle",,,(206) 551-9695,Walter
Fitness Center,18-0226,"3295 SW Avalon Way, Seattle",6519898,"WR Hanson, Inc.",(206) 719-1217,Walter
Flacco Residence,18-0280,"1710 36th Ave, Seattle",6530494,P.H. Robison Construction,(206) 601-4855,Isaac
Floor and Décor,18-0410,"1502 SE Everett Mall Way, Everett",B1801-024,"DLP Construction, Inc.",,Isaac
Fort Vancouver High School Fields,18-0342,"5700 East 18th Street, Vancouver",,Ohno Construction,,Isaac
Fosseen Residence,18-0363,"7417 West Mercer Way, Mercer Island",1711-230,"March-MacDonald, Inc.",(206) 793-1048,Walter
FRA Stack Foundations,18-0318,"13085 Ball Rd, Mount Vernon",,,360-815-6119/360,Jeff
Fremont Village Square Expansion,18-0149,"3601 Fremont Avenue North, Seattle",6588432,MRJ Constructors,(206) 719-9006,Walter
Furukawa Residence,17-0808,"400 39th Avenue East, Seattle",6573736,"McKinney Group, Inc.",(206) 498-7699,Isaac
Garden Townhomes,16-0843,"928 13th Avenue, Seattle",6437264,,(206) 245-9929,Walter
Gas Works Park Play Area Renovation,18-0009,"1801 N. Northlake Way, Seattle",6565763,,(206) 510-1031,Walter
Gbadegesin Residence,18-0127,"1625 207th Ave NE, Sammamish",BLD2017-03238,"JAS Design-Build, Inc.",(206) 240-5680,Isaac
Gearhart Residence,18-0375,"3727 80th Avenue SE, Mercer Island",1706-023,Cole Building Company,(425) 290-2409,Isaac
Gemenskap Park,18-0047,"14th Ave NW (between 59th and 61st), Seattle",,"Jansen, Inc.",(360) 319-0091,Walter
Gensco New Bldg - HVAC,16-0478a,"5917 4th Avenue South, Seattle",6551884,"Donovan Brothers, Inc.",(206) 354-6326,Walter
Georgetown Center,18-0146,"5959 Corson Avenue South, Seattle",6587205,JMS Construction,(206) 755-6332,Jeff
Georgetown Inn,18-0249,"6100 Corson Avenue, Seattle",6639895,"Rainier Industries, Ltd.",206-335-3622,Walter
Gilbert Residence,18-0395,"8911 NE 19th Street, Clyde Hill",BLD2017-0155,"GHSF, LLC",(425) 417-0053,Isaac
Goldberg Residence,18-0310,"6535 NE Windermere RD, Seattle",6602677,"Summit Development, LLC",(206) 617-8080,Isaac
Goloborodko Residence,18-0124,"728 177th Lane NE, Bellevue",,,(805) 708-9965,Scott
Gordito's Restaurant,16-0396,"213 N 85th Street, Seattle",6526552,Interstate Restoration,(425) 343-7636,Jeff
Gordito's Restaurant Exit Stairs,18-0257,"213 N 85th Street, Seattle",6534789,Interstate Restoration,(425) 343-7636,Jeff
Gordon Neimi Residence,18-0315,"2327 12th Avenue South, Seattle",6619238,McBride Construction Resou,(206) 573-0613,Isaac
Graham Square Vehicle Impact,18-0089,"22218 Meridian Ave E (aka 10133 224th St E),",871053,"Enriched Designs, Inc.",(206) 459-1145,Walter
Graham Street Retail,17-0911,"3828 South Graham Street, Seattle",6111278,cMAC & Macfarlane Homes,(206) 719-4727,Walter
Grainger - Tukwila (High Rise Bin Shelving),18-0219,"6725 South Todd Blvd, Tukwila",D18-0019 **,Wynright Corporation,(626) 257-0154,Jeff
Grainger Seattle Relocation,18-0005,"6141 4th Avenue S, Seattle",6596278,"LBD, Inc.",(509) 910-2654,Jeff
Grandinetti Residence,17-0810,"2328 Delmar Drive E, Seattle",6432415,Ambrose Construction,(361) 331-1302,Isaac
Grass Lawn,17-0476,"6836 141st Court NE, Redmond",BLDG2017-00032,"Milestone Northwest, LLC",(425) 503-9302,Jeff
Graves Residence - Retaining Wall Repair,17-0529,"8027 Sunnyside Avenue North, Seattle",,,,Anthony
Green Dot Seattle Middle School,17-0674,"6020 Rainier Avenue South, Seattle",6566769,"Kirtley-Cole Associates, LLC",(425) 231-6694,Walter
Green Lake Library Elevator Modernization,18-0345,"7364 E Green Lake Drive North, Seattle",,,(206) 224-3388,Jeff
Greenbelt Station,14-0222,"4204 S Trenton St, Seattle",6412873,"Greenbelt Station, LLC",,Anthony
Greenlake Residence,18-0252,"2110 N 61st Street, Seattle",6581136,"Fitch, Corey",,Jeff
Ground Transportation Building Renovation,18-0463,"2809 South 160th Street, SeaTac",1810596 or BLD-P,"Colvos Construction, LLC",(425)879-9512,Isaac
GRSE RemodelGuppa,17-0956,"1255 Federal Ave E, Seattle",6594831,Hoxie Huggins Construction,(206) 861-3231,Isaac
Grunewald Residence,17-0619,"1796 Harrison Way NE, Issaquah",BLD16-00309,Roberts Group Custom Buil,(425) 420-7985,Isaac
Gupta Remodel,18-0443,"15219 NE 3rd Place, Bellevue",17116362,NW Professional Contractor,(206) 841-8460,Isaac
Hackman Remodel,18-0438,"435 Lake Washington Blvd E, Seattle",6428396,RM Built,,Walter
Hands On Brewery,18-0250,"7500 35th Ave SW, Seattle",6585810,"Neu Construction, Inc.",(253) 973-8716,Jeff
Harborview - 2EH Patient Lift Installation (M,17-0169a,"325 9th Avenue, Seattle",6503579,"M Brown Industries, LLC",,Anthony
Harborview - 6MB Patient Lift Installation,18-0082,"325 9th Avenue, Seattle",,,,Anthony
Harrison Condominiums,17-0472,"403 13th Avenue East, Seattle",6484992,"Brightwork Builders, LLC",(206) 650-5165,Isaac
Hartvigson,18-0254,"5530 60th Avenue NE, Seattle",6601726,"Seattle Custom Contractors,",(425) 218-0169,Anthony
Henderson Residence,18-0125,"2800 39th Avenue W, Seattle",6534264,Ambrose Construction,(206) 941-5770,Isaac
Heritage Bank,18-0115,"5801 Tacoma Mall Blvd, Tacoma",WO7-0150,"Wilcox Construction, Inc.",(206) 496-8229,Jeff
Heron Residence,13-0163,"10012 SW Dock Street, Vashon Island",,,,Anthony
Highland Apartments - Brick Shear Testing,18-0399,"931 11th Avenue East, Seattle",,,(206) 382-1227,Jeff
Highline Heritage Museum,17-0884,"819 SW 152nd, Burien",,Alliance Steel Fabrication,(206) 793-6644,Isaac
Highline S. 268th St. Water & Brightwood Pa,16-0456,"S. 268th St. & Brightwood Park, Normandy Par",ENG2016-044,"SCI Infrastructure, LLC",,Jeff
HighPoint Block 9 Townhomes - All Buildings,17-0645,"3000-3500 SW Graham Street, Seattle",,Polygon Northwest,(504) 298-8423,Walter
HighPoint Block 9 Townhomes - Bldg. 01,17-0645a,"3250 SW Graham Street, Seattle",6506776,Polygon Northwest,(504) 298-8423,Walter
HighPoint Block 9 Townhomes - Bldg. 02,17-0645b,"3300 SW Graham Street, Seattle",6528566,Polygon Northwest,(504) 298-8423,Walter
HighPoint Block 9 Townhomes - Bldg. 03,17-0645c,"3320 SW Graham Street, Seattle",6528566,Polygon Northwest,(504) 298-8423,Walter
HighPoint Block 9 Townhomes - Bldg. 04,17-0645d,"3260 SW Graham Street, Seattle",6506776,Polygon Northwest,(504) 298-8423,Walter
HighPoint Block 9 Townhomes - Bldg. 05,17-0645e,"3270 SW Graham Street, Seattle",6506776,Polygon Northwest,(504) 298-8423,Walter
HighPoint Block 9 Townhomes - Bldg. 06,17-0645f,"3280 SW Graham Street, Seattle",6528566,Polygon Northwest,(504) 298-8423,Walter
HighPoint Block 9 Townhomes - Bldg. 07,17-0645g,"3400 SW Graham Street, Seattle",6528566,Polygon Northwest,(504) 298-8423,Walter
HighPoint Block 9 Townhomes - Bldg. 08,17-0645h,"3410 SW Graham Street, Seattle",6506776,Polygon Northwest,(504) 298-8423,Walter
HighPoint Block 9 Townhomes - Bldg. 09,17-0645i,"3430 SW Graham Street, Seattle",6528566,Polygon Northwest,(504) 298-8423,Walter
HighPoint Block 9 Townhomes - Bldg. 10,17-0645j,"3420 SW Graham Street, Seattle",6506776,Polygon Northwest,(504) 298-8423,Walter
HighPoint Block 9 Townhomes - Bldg. 11,17-0645k,"3450 SW Graham Street, Seattle",6528566,Polygon Northwest,(504) 298-8423,Walter
Hive Roosevelt - Structural,17-0209a,"6717 Roosevelt Way NE, Seattle",6534447,WG Clark Construction Com,(206) 305-6154,Jeff
Hogan-Li,18-0300,"4102 38th Avenue SW, Seattle",6648671,McKain Construction,(206) 938-1028,Anthony
Honeywell Aerospace,17-0910,"15001 NE 36th Street, Redmond",n/a,Matthew Reid Construction,(425) 829-8601,Anthony
Hudson Single Family Residence,18-0425,"3912 South Hudson Street, Seattle",6529717,"Orcas Homes, LLC",(253) 653-6545,Isaac
Hudson Townhomes,18-0131,"3910 South Hudson Street, Seattle",6531146,"Orcas Homes, LLC",(253) 653-9545,Isaac
Ingraham High School Addition,18-0431,"1819 N. 135th Street, Seattle",6583445,Cornerstone General Contra,(360) 854-8334,Walter
Inspirus Credit Union Office Addition,17-0650,"5200 Southcenter Blvd., Tukwila",D16-0317,"PCL Construction Services,",(425) 429-4990,Walter
Integrated Education Center - RH Testing,17-0409,"6000 16th Avenue SW, Seattle",,"West Coast Flooring, Inc.",(253) 970-7270,Isaac
Interbay Golf Center Pole Replacement,18-0091,"2501 15th Avenue West, Seattle",6605427,NETServices,,Walter
Interbay Urban Storage Sign,18-0369,"1561 West Armory Way, Seattle",,"Plumb Signs, Inc.",(253) 381-6854,Isaac
Island Soul Restaurant,18-0468,"4869 Rainer Avenue South, Seattle",6588357,"Rafn Company, Inc.",(206) 510-2659,Isaac
JC Penney Switch Gear Support and Access,18-0433,"1249 Southcenter Mall, Tukwila",D16-0232,"Sequoyah Electric, Inc.",(206) 793-4957,Isaac
JC Penney Transformer Relocation,18-0147,"1249 Southcenter Mall, Tukwila",D16-0232,"Sequoyah Electric, Inc.",(425) 766-2355,Isaac
JD 65,17-0981,"6575 NE Windemere Road, Seattle",6556009,"Schultz Miller, Inc.",206-551-9664,Isaac
Jefferson Park Apartments - Structural,17-0351a,"2902 Beacon Avenue South, Seattle",6552298,Edge Developers/MarPac C,(206) 226-5835,Walter
Jelovich Residence,18-0148,"11807 4th Avenue SW, Burien",PLA17-1562,,206-244-4141,Anthony
JFC International,18-0389,"5015 8th Street E, Fife",BLDCA18-0105,"Pro Construction, Inc.",253-261-2069,Isaac
Jimmy B,18-0436,"507 22nd Avenue, Seattle",6453103,,(206) 747-6919,Isaac
Jones Residence (Erik),18-0392,"3820 E Howe Street, Seattle",333175,"March-MacDonald, Inc.",(206) 793-1048,Isaac
Joslin-Gilleland - SIR,18-0346,"1950 Alaskan Way, Unit 137, Seattle",,Potter Construction,(206) 300-1639 / (,Jeff
Juanita Bay Veterinary/ AWI Office,14-0103,"11496 98th Avenue NE, Kirkland",BNR 13-04519,"Corstone Contractors, LLC",(425) 870-5894,Jeff
Kageyama Residence,18-0308,"1639 86th Avenue NE, Clyde Hill",2017-0040,"Granite Mountain Builders, L",(425) 466-6209,Isaac
Kanishka Catering Kitchen,18-0032,"16651 Redmond Way, #180, Redmond",MECH-2017-0524,Tekas Fire & Hood Installati,(206) 617-4951,Isaac
Kao Residence,18-0043,"12065 30th Ave SW, Burien",,Pile King,(206) 499-5665,Scott
Kaphan-Lock Residence,16-0834,"1623 9th Avenue West, Seattle",6505822,Hoxie Huggins Construction,360-509-3187,Jeff
KC Metro - Central Base Paving Repair,18-0371,"1270 6th Avenue South, Seattle",n/a,,(206) 799-8279,Jeff
Ken Phillips House - Structural,17-0317a,"1945 82nd Ave SE, Mercer Island",1602-198,"March-MacDonald, Inc.",(206) 793-1048,Walter
Kent Supreme Self Storage - Bldg. C,18-0396,"25301 Pacific Highway South, Kent",CNST 2164095,"JPR Construction, Inc.",(253) 221-1000,Isaac
Kentwood Apartments,18-0405,"22415 Benson Road S, Kent",,"CDK Construction Services,",(206) 371-9794,Isaac
Kevin Residential Addition,18-0162,"11736 9th Avenue NE, Seattle",6633386,"Hodge & Sons, LLC",,Isaac
Key Trucking Awning,18-0242,"19655 78th Ave S, Kent",2174062,Bedkers Welding,(253) 988-0283,Isaac
King Street Arts TI,18-0449,"303 S. Jackson Street, Seattle",6575705,Centennial Contractors Ente,(253) 249-4885,Isaac
Kinkade Crossing,18-0437,"17623 115th Place SE, Renton",B1800045,"RM Homes, LLC",(360) 920-9150,Isaac
Kitts Veranda Street Improvement,18-0390,"7538 43rd Avenue South, Seattle",295695,"Pacwest Construction, LLC",(206) 715-6200,Isaac
Klansnic Residence,18-0320,"17107 SE Cougar Mountain Rd, Bellevue",,"TL Erickson Construction, In",(206) 909-9521,Isaac
Kleiver Residence Seismic Retrofit,18-0130,"2401 94th Ave NE, Clyde Hill",BLD2018-0022,"A-FFIX, LLC - RETAINER R",(206) 227-4869,Isaac
Kubota Gardens,18-0277,"9827 55th Avenue S, Seattle",6077945,Rainproof Contracting,(206) 714-1208,Isaac
Kulinsky Residence,18-0132,"1502 143rd Ave NE, Bellevue",17-126368BU,Bequette & Dunn Constructi,(206) 819-0470,Jeff
Kumar Residence (Seattle),18-0229,"5403 49th Avenue SW, Seattle",6628223,"Rudy's Construction NW, In",(206) 300-2208,Isaac
L+K Residence,18-0116,"16025 SE 16th, Bellevue",17-111482BS,"Sunshine Construction, LLC",(206) 650-7006,Isaac
La Fon Residence,18-0292,"1164 N 76th Street, Seattle",6524902,"Baird Designs, Inc.",(206) 669-5159,Isaac
Laframboise Residence,18-0210,"333 West Olympic Place, Seattle",6597493,"Plum Construction, LLC",(206) 388-9234,Isaac
Lake City Family Housing,17-0505,"12705 30th Avenue NE, Seattle",6524719,Walsh Construction Compa,,Walter
Lake House at Madison Park,17-0970,"2320 43rd Ave E, Seattle",6610084,"NW Remodel, Inc.",(206) 920-5278,Jeff
Lake to Sound Trail Segment A,17-0903,"Fort Dent to Black River Riparian, Tukwila",,,,Scott
Lake Union Life,18-0386,"100 East Edgar Street, Seattle",6592397,Ruff Construction,206-734-8468,Isaac
Lambert Residence - Enumclaw,17-0761,"35817 249th Ave. SE, Enumclaw",,Swanson Brothers Concrete,(206) 255-5727,Isaac
Lansing,18-0123,"18829 33rd Ave NE, Lake Forest Park",,,(206) 244-4141,Scott
Lea Hill Pressure Reducing Valve Stations (,18-0171,"Various, Auburn",,,,Jeff
Leaf Apartments,17-0909,"3309 Beacon Avenue South, Seattle",6485509,STS Construction Services,,Isaac
Leary Work/Live Project - North Building,17-0973,"3615 2nd Ave NW, Seattle",6519370,"Top Floor Homes, LLC",(206) 683-9791,Isaac
Leary Work/Live Project - South Building,17-0974,"3611 2nd Ave NW, Seattle",6473030,"Top Floor Homes, LLC",(206) 683-9791,Isaac
Lee Street Residence Seismic Upgrade Pha,17-0272,"700 West Lee Street, Seattle",6549282,"Lockhart Suver, LLC",206-734-1109,Isaac
Les Gove Restroom Project,18-0071,"910 9th Street SE, Auburn",BLD17-0262,"Christensen, Inc. General C",(360) 789-4329,Jeff
Les Schwab Tire Center,18-0223,"6328 Capital Blvd SE, Tumwater",,"Petra, Inc.",(425) 495-2318,Isaac
Liberty Bank Building,17-0697,"2320 E. Union Street, Seattle",6427812,Walsh Construction Compa,(206) 571-7332,Walter
Liberty Park - Suite 140-240 Stair Infill,18-0284,"371 NE Gilman Blvd, Issaquah",BLD16-00397,"My-Way Construction, LLC",(206) 919-2878,Jeff
Lift Station 46 Installation (Contract 2-2011S),15-0658,"156th Place SE & SE 272nd Street, Covington",,,425-533-5204,Jeff
LIHI Renton Commons,18-0008,"215 Whitworth Avenue South, Renton",B17001987,Walsh Construction Compa,,Walter
Lincoln High School Modernization,17-0905,"4400 Interlake Avenue North, Seattle",6540641,"Lydig Construction, Inc.",,Walter
Little Pilchuck Submittal Samples,18-0397,",",,Condon-Johnson & Associat,,Isaac
Lot 32,18-0178,"27219 SE Grand Ridge Drive, Issaquah",DWEL17-0075,"March-MacDonald, Inc.",(206) 793-1048,Walter
Lower White River Countyline Levee Setbac,16-0153,"A Street downstream to 8th Street, Pacific",,,425-306-7032,Anthony
Ma Residence,18-0259,"10843 Point Vashon Drive SW, Vashon",,Duane Didricksen Constructi,(206) 595-1576,Isaac
MacDonald Residence,17-0250,"107 Tower Pl, Seattle",6480968,"MLF Built, Inc.",(206) 280-3081,Isaac
MacGowan Residence,18-0367,"2922 Fairview Avenue East, Seattle",6557982,ICA Construction,,Isaac
Magnolia Elementary School Renovation and,18-0023,"2418 28th Avenue West, Seattle",6511044,Forma Construction Compa,(206)939-0163,Walter
Magnolia School Renovations - Barrier One,18-0312,"2418 28th Avenue West, Seattle",,,,Walter
Magnuson Park Building 11 Seismic Retrofit,17-0629,"7777 62nd Avenue NE, Seattle",6540944,Reynolds General Contracti,(206) 707-5877,Walter
Majiq T.I.,17-0485,"8343 154th Avenue NE, Suite 200, Redmond",BLDG-2016-0935,Pattison General Contractor,(206) 856-4436,Walter
Making Cosmetics,18-0150,"10800 231st Way NE, Redmond",ADDC17-0673,"Davis Schueller, Inc.",(206) 571-1031,Isaac
Maloney Grove 13,18-0286,"710 Maloney Grove, North Bend",PLN2017-0283,BDZ Construction,(425) 754-5635,Walter
Margo Day Residence,18-0269,"219 Skyline Drive, Edmonds",(in progress),On Point Construction,(360) 223-3359,Isaac
Marinkovich Residence - Construction Monit,17-0231,"11706 Exeter Avenue NE, Seattle",6321910,,,Scott
Marinkovich Residence - Design Phase,14-0248,"11706 Exeter Avenue NE, Seattle",,"Marinkovich, Michael",,Scott
Marinwood Lot 22,18-0227,"13008 137th Dr NE, Kirkland",,Pulte Homes,(425) 761-2825,Jeff
Market Place at Factoria,18-0466,"4065 Factoria Mall Blvd, Bellevue",,AC Moate Industries,(206) 510-8241,Isaac
Marsh Commons Retaining Wall,18-0447,"10141 NE 66th Lane, Kirkland",,,(206) 849-9437,Scott
Mason Residence (2017),17-0360,"2307 Perkins Lane West, Seattle",6441443,"SBI Construction, Inc.",(206) 730-2546,Isaac
Materra at Greenbridge,18-0251,"9900 10th Avenue SW, Seattle",STRB17-0002,"Riverton Contractors, Inc.",(206) 849-7057,Isaac
Matsudaira Residence,18-0381,"15921 SE 8th Street, Bellevue",,"JD Bergevin Homes, Inc.",(425) 406-0680,Jeff
Mattson Residence,18-0401,"14011 NE 71st Place, Redmond",Site - 2017-00737,Bromik Design & Build,(425) 591-6323,Jeff
McClure Residence,18-0455,"1530 31st Avenue, Seattle",n/a,Pathway Design & Construct,,Anthony
McDowell Pile King Office Remodel,18-0370,"18905 84th Avenue South, Kent",RC11-2173660,"McDowell NW Pile King, Inc.",(206) 510-0515,Jeff
Medina Residence,17-0229,"2637 77th Avenue NE, Medina",B16-040,"Melco Enterprises, Inc.",206-930-7140,Walter
Mendoza Residence,18-0415,"5905 Fairlawn Drive SW, Lakewood",BP1800426,Mendo Construction,(206) 669-8054,Isaac
Mercer Island Project,18-0053,"9375 Mercerwood Drive, Mercer Island",,"Eastside Decks, LLC",,Scott
Mercer Place II,18-0289,"609 West Mercer Place, Seattle",6610639,STS Construction Services,,Isaac
Meydenbauer Residence,18-0337,"707 94th Avenue SE, Bellevue",17113498BS,Roberts Group Custom Buil,(206) 790-5418,Isaac
Mid Town Apartments,18-0454,"8820 Aurora Ave N, Seattle",6546477,Epic Construction Managem,(206) 369-8786,Isaac
Mini Mart City Park,18-0453,"6525 Ellis Avenue South, Seattle",6536115,"Method Construction, Inc.",(310) 895-3628,Isaac
Mitchell Project (Aaron),16-0522,"3229 & 3227 106th Avenue SE, Bellevue","14-143411 BS, 14",STS Construction Services,(206) 510-7111,Isaac
Montvale Residence,18-0264,"2109 Montvale Court West, Seattle",6615895,"Build Modern, Inc.",(206) 919-2452,Jeff
Mott Residence,16-0614,"4822 N.E. 41st Street, Seattle",6531256,,,Scott
Mount Baker Station Apartments - 2615,18-0074,"2615 25th Ave S, Seattle",6309478,Osborne Construction Comp,(425) 305-7401,Walter
Mount Baker Station Apartments - 2715,18-0073,"2715 25th Ave S, Seattle",6535937,Osborne Construction Comp,(425) 305-7401,Walter
Mountain View Fire & Rescue Station 92 Livi,18-0379,"31709 Kent Black Diamond Road, Auburn",ADDC17-0659,H. B. Hansen Construction,(360) 815-3225,Jeff
Mountainview Estates,18-0413,"805 SE Cedar Falls Way, North Bend",20110036065-180,BDZ Construction,(425) 754-5635,Walter
Mountlake Terrace Gateway - SIR,18-0335,"6021 244th Street SW, Mountlake Terrace",,,(360) 589-7610,Jeff
Mouton Residence,18-0079,"758 38th Avenue, Seattle",6605114,Joseph McKinstry Constructi,(206) 356-8421,Isaac
Multani Multifamily,17-0667,"10902 SE 204th Street, Kent",,"Multani Custom Homes, LL",(206) 501-6467,Isaac
Myrtle Apartments,17-0776,"4301 SW Myrtle Street, Seattle",6598063,"Hendrik Construction, LLC",,Walter
Nakamichi Seismic Retrofit,18-0319,"12539 SE 73rd Street, Newcastle",BLD18-002,"A-FFIX, LLC - RETAINER R",(360) 305-7761,Isaac
NAPA Auto Parts Awning,18-0215,"8441 S. 180th St, Kent",CNST-2180507,,(206) 819-3846,Walter
Nathan Hale Portables Foundation,18-0173,"10750 30th Ave NE, Seattle",6618871-not issue,,,Anthony
Nazim Nice Triplex,17-0321,"625 Malden Avenue East, Seattle",6527677,Halfon Construction Compa,(206) 484-5549,Isaac
Neighbours Night Club,18-0338,"1509 Broadway, Seattle",6406278,,,Isaac
Nemes Residence,18-0387,"16831 84th Lane NE, Kenmore",CMB16-0666,"McDowell NW Pile King, Inc.",,Isaac
Nesbit Apartments,18-0105,"8558 Nesbit Avenue N, Seattle",6445306,"Stratford Co., LLC",(206) 890-8790,Isaac
N-Habit Rainier Apartments,17-0554a,"718 Rainier Avenue South, Seattle",6557651,WG Clark Construction Com,,Walter
Niesen Residence,18-0388,"8805 South I Street, Tacoma",,"Drewtown Construction, LLC",,Isaac
Nissan Seattle - HBI860154,17-0867,"3412 Airport Way South, Seattle",,"Hayward Baker, Inc.",(206) 321-7261,Jeff
Nordstrom Scaffold Brackets,16-0255,"500 Pine Street, Seattle",6485229,Pioneer Masonry Restoratio,425-308-1900,Jeff
North Bend City Hall,18-0461,"1155 East North Bend Way, North Bend",,,,Isaac
Northgate III (aka Northgate 8th) - Structural,17-0576a,"10711 8th Avenue NE, Seattle",6572059,"Rafn Company, Inc.",(206) 510-4880,Walter
Northgate Villa,17-0478,"10501 8th Avenue NE, Seattle",6566180,"WES Construction, Inc.",(425) 280-3667,Jeff
Northwest 63rd Street,18-0151,"1443 NW 63rd Street, Seattle",6496710,"Greenbuild Development, LL",(253) 269-2748,Isaac
Northwest Kidney Center Federal Way E - Lo,18-0329,"33820 Weyerhaeuser Way S, Suite 100, Feder",,"Aldrich & Associates, Inc.",(206) 396-0290,Anthony
Nourish Catering,18-0326,"1603 14th Ave, Seattle",6618239,Steffes Construction,(206) 786-8480,Jeff
Nucor Electrical Equipment Enclosure,18-0144,"2424 SW Andover Street, Seattle",6567769,"Nucor Steel, Inc.",(206) 933-2222,Isaac
Oberto Warehouse,18-0260,"22515 54th Avenue South, Kent",CNST-2173652,"Kelly-Thomas, Inc.",(206) 786-7480,Isaac
Olympic Middle School Reconstruction,18-0459,"1825 K Street SW, Auburn",BLDG18-0038,Absher Construction Compa,253-279-9282,Walter
Operations and Maintenance Facility: East,17-0564,"See Notes, Bellevue",,"KBA, Inc.",,Walter
Orams Residence,18-0404,"111 NE 55th Street, Seattle",,,,Anthony
Othello Station Dental,18-0462,"4219 S Othello Street, Suite 105 D&E, Seattle",6579430,Arcon Tenant Improvement,(206) 999-0109,Isaac
Pacific Lighting Services,18-0066,"6004 South 190th Street, Kent",CNST2172900,TCL Partners,(425) 301-8326,Isaac
Pacific Towers Soldier Piles,18-0013,"3201 Pacific Avenue, Tacoma",BLDCA17-0394,"DBM Contractors, Inc.",(206) 679-9866,Isaac
PanGEO Misc. 2018,18-0001,"Various,",,,,Anthony
Parkside Townhomes,18-0222,"1724 11th Ave, Seattle",6558723,"Isola Homes, LLC",,Isaac
Pearl Place,16-0146,"2120 S. Massachusetts Street, Seattle",6400667,Green Canopy Homes,dean@greencano,Jeff
Peralta Orthodontics - HVAC,16-0817a,"3916 California Ave SW, Seattle",6562709,"WR Hanson, Inc.",(206) 719-1217,Isaac
Perch Residence,17-0865,"821 West Blaine Street, Seattle",6548645,Dovetail General Contractor,(206) 549-8867,Isaac
Pereyra Beach House,18-0332,"125 East Lake Sammamish Pkwy SE, Samma",BLD2017-02627,Marshall Inc.,(425) 922-8095,Isaac
Peterson Szela Remodel,18-0075,"2859 NW 96th Street, Seattle",6592156,LJM Homes,(206) 854-2998,Isaac
Pier 66 Cruise Terminal Passenger Boarding,18-0327,"2225 Alaskan Way, Seattle",n/a,,(206) 787-3547,Isaac
Pier 66 South Apron Mooring Replacement,18-0092,"2522 Alaskan Way, Seattle",6622992,,,Jeff
Pier 86 - Dust System #5,18-0304,"955 Alaskan Way West, Seattle",,,,Anthony
Pioneer Square Hotel Annex,16-0794,"110 Alaskan Way South, Seattle",6088080,Venture General Contracting,(206) 939-2530,Isaac
Pitary Residence,18-0230,"914 Evergreen Drive, Bellevue",17-114252BR,Al Lind Company,(206) 393-7579,Isaac
Place to Put It,18-0430,"5565 Crawford Rd, Langley",,,(360) 941-1701,Walter
Ponnusamy Residence Garage,18-0421,"3626 60th Avenue SW, Seattle",6578543,Pile King,,Isaac
Porter Residence,18-0145,"2602 39th Ave W, Seattle",6601702,"C A Adams, LLC",(425) 220-7314,Isaac
Primm Retrofit,18-0323,"6211 150th Place SW, Edmond",18100514RK,"Cascadia Seismic, Inc.",(206) 409-5675,Isaac
ProAmpac New Breezeway,18-0208,"701 A Street NE, Auburn",ADD17-025,ProAmpac,(253) 939-8206,Isaac
ProAmpac T.I. & Penthouse Expansion,18-0176,"710 A Street NE, Auburn",ADD 17-0025,"Nelson Construction, Inc.",,Walter
Qdoba - SeaTac Airport,17-0839,"17801 International Blvd., SeaTac",,"Wilcox Construction, Inc.",(206) 817-2504,Isaac
"R&D Building - Third & Wall T.I., Suites 202",17-0694a,"3455 Thorndyke Avenue West, Seattle",6547696,"3443, LLC",(206) 999-0814,Isaac
Rainier Court IV - West Apartments,18-0429,"3616 34th Avenue South, Seattle",6538406,Venture General Contracting,,Walter
Rainier Court IV East Retaining Wall,17-0260a,"3603 35th Avenue South, Seattle",6527528,InterCity Contractors,,Walter
Rainier Court IV West Retaining Wall,17-0260b,"3616 34th Avenue South, Seattle",6527500,InterCity Contractors,,Walter
Rainier Industries - 398757 - Fish Market,18-0417,"508 Main Street, Edmonds",,"Rainier Industries, Ltd.",,Isaac
Rainier Industries - Prologis,18-0297,"6700 S Glacier St, Tukwila",,Johnson Tenant Improveme,(425) 785-3998,Jeff
Rainier Industries Auto System,18-0376,"6700 S. Glacier Street, Tukwila",,"Rainier Industries, Ltd.",(425) 981-1220,Isaac
Rainier Industries Pit Layout,18-0306,"6700 S. Glacier Street, Tukwila",,"Rainier Industries, Ltd.",(425) 981-1220,Isaac
Rainier Valley Orthodontics,18-0099,"5415 Rainier Avenue South, Seattle",6596975,Ferris-Turney General Contr,(206) 369-0500,Jeff
Rainier Valley Wet Weather Storage Project,16-0405,"2347 Rainier Ave. S./ 2700 S. Hanford St., Seat",6380019,,(360) 915-3414,Jeff
Rainier Vista North Apartments,18-0271,"3927 27th Avenue S, Seattle",,"Rainier Vista North, LLC",(206) 818-0598,Jeff
Ravello Apartments,17-0012,"16180 NE 80th Street, Redmond",BLG-2016-00379,"Ravello Apartments, LLC",,Isaac
Ravenna Eckstein CC Gym Curtain Support,18-0471,"6535 Ravenna Avenue NE, Seattle",6629495 (pending,"WS Contractors, LLC",(206) 615-0222,Walter
Razor Clam Bridge Replacement,17-0450,"S. Razor Clam Drive SW, Ocean Shores",,Cascade Bridge,(360) 791-2741,Jeff
Relyea Residence,18-0349,"2431 169th Place SE, Bellevue",18 104469BU,"Seismic Northwest, LP",(831) 566-5535,Isaac
Renton Dental Arts Building,18-0444,"17816 108th Ave SE, Renton",,"Aldrich & Associates, Inc.",,Walter
Reuter Armstrong Residence,17-0795,"30045 SE 64th St*, Preston",DWEL 160375,"DLH, Inc.",(360) 731-3370,Isaac
Richter Seismic Retrofit,18-0288,"2624 242nd Place SE, Bothell",BSF2018.18448,"A-FFIX, LLC - RETAINER R",206-227-4869,Isaac
Ring Custom,18-0380,"4216 Shoreclub Drive, Mercer Island",1706-292,"JayMarc Custom Homes, LL",(425) 417-5818,Isaac
Riverfront Simpson,16-0175,"4312 30th Drive SE, Everett",various,Polygon Northwest,425-512-3480,Walter
Riverwalk,17-0824,"4011 McKinley Avenue, Carnation",,"Rehabitat Northwest, Inc.",(907) 903-9405,Isaac
RJP Project,17-0033,"3615 42nd Ave NE, Seattle",6528554,"Toth Construction, Inc.",(206) 730-3760,Isaac
Road Bear RV,18-0456,"1541 S. 96th Street, Seattle",18-0107,Blue Star Gas,(206) 379-3159,Scott
Roanoke Haus,18-0015,"1615 Roanoke Way, Mercer Island",1703-098,"Toth Construction, Inc.",(206) 730-1422,Isaac
Roberts Residence (Christopher & Jennifer),16-0706,"3914 48th Place NE, Seattle",6507578,"Headland Construction, Inc.",(206) 369-5983,Jeff
Robins Nest Apartments,17-0219,"3272 Fuhrman Ave E, Seattle",6511719,SACO Construction Corpora,(425) 941-7272,Jeff
S.K.B.A. Buddhist Temple,16-0285,"824 South 100th Street, Seattle",COMN13-0014,"Bay View Construction, Inc.",(206) 272-0707,Walter
S9-215,18-0253,"215 1st Avenue North, Seattle",6583982,"Stratford Co., LLC",(206) 399-9600,Isaac
Sammamish High School Gateway Concessi,13-0593c,"100 140th Avenue SE, Bellevue",,Spee West Construction,(206) 719-8097,Walter
Sammamish High School Modernization,13-0593,"100 140th Avenue SE, Bellevue",13 106438BB,Spee West Construction,(206) 719-4833,Walter
Sammamish High School South Vault,13-0593b,"100 140th Avenue SE, Bellevue",16-136532BH,Spee West Construction,(206) 719-8097,Walter
Sammamish HS Batting Cages,13-0593d,"100 140th Avenue SE, Bellevue",16-136481BB,Spee West Construction,206-719-8097,Walter
Sammamish HS Glass Studio,13-0593a,"100 140th Avenue SE, Bellevue",16-136481BB,Spee West Construction,(206) 719-4833,Walter
Sammamish Public Storage,18-0296,"23025 NE 8th Street, Sammamish",COM2017-05343,Bouwer Construction Comp,(425) 985-0488,Jeff
Sand Point Building 9,17-0118,"7101 62nd Avenue NE, Seattle",6466033,"Rafn Company, Inc.",(206) 510-3836,Walter
Sartori Elementary School,17-0364,"332 Park Avenue North, Renton",B16006797,FORMA Construction Comp,(253) 213-3682,Walter
Schwarts Bulkhead,18-0141,"ora lab,",,"Bayshore Concrete, LLC",,Isaac
Scott and Katie Residence,18-0341,"3001 24th Avenue West, Seattle",6599473,Howard Garton,(206) 407-4653,Isaac
SCRI Building Cure - Structural,17-0155a,"1920 Terry Avenue, Seattle",6531443,"Lease Crutcher Lewis, Inc.",,Jeff
SeaTac North Satellite,18-0169,"102 Frontage Road S, Pacific",,"Precision Iron Works, Inc.",(253) 887-5555X2,Isaac
SeaTac Service Tunnel - HBI 860158,18-0100,"SeaTac Airport, SeaTac",17-120466B2,,(206) 419-9010,Jeff
Seattle Boat Fuel Dock,18-0467,"101 NE Northlake Way, Seattle",6375702,"Sea & Shore Construction, I",(425) 231-7652,Isaac
Seattle Pipe Trades - UA Local 32 Facility Ex,17-0653,"595 Monster Road SW, Suite 100, Renton",B15005191,Bayley Construction,(206) 251-0198,Isaac
Seattle University Student Housing - RH Moi,18-0383,"1107 E Madison Street, Seattle",,Howard S. Wright,(253) 359-0694,Isaac
Security Industry Specialists (SIS),18-0434,"20 West Galer Street, Seattle",6630247,Farwest Tenant Improveme,(206) 795-5864,Isaac
Sehome Hill Communication Tower - HBI 86,18-0081,", Bellingham",,"Hayward Baker, Inc.",(206) 419-9010,Jeff
Semanski Farm,17-0809,"801 Semanski Street, Enumclaw",,Carl J. Sanders Constructio,(206) 730-8030,Walter
Serra,18-0179,"2100 6th Avenue, Seattle",6584216,Dovetail General Contractor,(206) 372-7245,Isaac
Service Tunnel Renewal Project,17-0801,"SeaTac International Airport, SeaTac",,James W. Fowler Company,(360) 286-4602,Jeff
Service Tunnel Renewal Project (JW Fowler),17-0801a,", SeaTac",,,,Jeff
SFDHQ Cladding,17-0680,"301 2nd Avenue South, Seattle",6583291,Pioneer Masonry Restoratio,,Walter
Shablevsky Residence,18-0330,"31620 49th Place South, Auburn",DWEL17-0003,"Euro Standard Construction,",(253) 315-5199,Jeff
Shalina Homes - Bldg. #2,17-0461,"5010 15th Avenue NE, Seattle",6413035,"Eurocon, Inc.",(206) 218-4400,Isaac
Sharkey Dadu,18-0452,"3033 Hunter Blvd S, Seattle",6594617,STS Construction Services,(206) 501-9936,Isaac
Sharma - SIR,18-0191,"316 Lake Washington Blvd S, Seattle",,,(206) 999-0110,Jeff
Sherwin Willliams,18-0291,"8824 Rainier Ave S, Seattle",6614759,Ferris-Turney General Contr,(206) 250-2692,Jeff
Sierra Heights Elementary - SIR,18-0339,"2501 Union Avenue NE, Renton",,,,Jeff
Sinha Residence,17-0393,"3012 Fauntleroy Ave SW, Seattle",6504958,"IRC, LLC",(206) 979-8771,Jeff
Site Welding Services Misc. 2018,18-0348,"19563 144th Avenue NE, Woodinville",,,(425) 488-2156 ex,Isaac
Skyway,18-0083,"11709 64th Ave S, Seattle",DWEL170208,,(425) 985-2573,Jeff
Small World Trust,16-0777,"140 Lake Washington Blvd. East, Seattle",6486711,"Schultz Miller, Inc.",(206) 551-9654,Walter
Snoqualmie Water Reservoirs Improvements,18-0238,"7805 Fisher Avenue SE, Snoqualmie",COM2017-015,,712-358-1217,Isaac
Sound House Residence,18-0351,"2231 Eastmont Way West, Seattle",6608487,"Thomaswerks, Inc.",(206) 914-9230,Isaac
Sound Transit E320 Stone Columns HBI028,18-0063,2700 Bellevue Way SE (old Park and Ride Stati,,,,Jeff
South Kenmore Office,17-0992a,"6704 NE 181st Street, Kenmore",BLD17-0810,GenCap Construction Corp.,(425) 301-6264,Jeff
South Kenmore Restaurant,17-0992,"6750 NE 181st Street, Kenmore",BLD17-0873,GenCap Construction Corp.,(425)301-6264,Jeff
South Side Pie,18-0218,"8611 14th Avenue South, Seattle",6596204,H Dufour Construction Inc.,(206) 369-3395,Isaac
Southcenter 16 Auditorium #9 Renovation,17-0959,"3600 Southcenter Mall, Tukwila",,A.R. Mays Construction,(918) 695-5153,Isaac
Southcenter View Condominiums,18-0347,"15210 Macadam Rd S, Tukwila",D17-0054,Ruff Construction,(206) 734-8968,Jeff
Spiritwood - Unit #01,18-0382a,"3607 228th Avenue SE, Issaquah",BLD16-00402,Belotti McHugh Design and,(206) 229-7108,Isaac
Spiritwood - Units #02 and 03,18-0382b,"3607 228th Avenue SE, Issaquah",BLD16-00403,Belotti McHugh Design and,(206) 229-7108,Isaac
Spiritwood - Units #04 and 05,18-0382c,"3607 228th Avenue SE, Issaquah",BLD16-00404,Belotti McHugh Design and,(206) 229-7108,Isaac
Spiritwood - Units #06 and 07,18-0382d,"3607 228th Avenue SE, Issaquah",BLD16-00405,Belotti McHugh Design and,(206) 229-7108,Isaac
Spiritwood - Units #08 and 09,18-0382e,"3607 228th Avenue SE, Issaquah",BLD16-00406,Belotti McHugh Design and,(206) 229-7108,Isaac
Spiritwood - Units #10 and 11,18-0382f,"3607 228th Avenue SE, Issaquah",BLD16-00407,Belotti McHugh Design and,(206) 229-7108,Isaac
Spiritwood - Units #12 and 13,18-0382g,"3607 228th Avenue SE, Issaquah",BLD16-00408,Belotti McHugh Design and,(206) 229-7108,Isaac
Spiritwood - Units #14 and 15,18-0382h,"3607 228th Avenue SE, Issaquah",BLD16-00409,Belotti McHugh Design and,(206) 229-7108,Isaac
Spiritwood - Units #16 and 17,18-0382i,"3607 228th Avenue SE, Issaquah",BLD16-00410,Belotti McHugh Design and,(206) 229-7108,Isaac
Springbrook Apartments - Walkway Repairs,18-0054,"5301 Talbot Rd S, Renton",,,,Anthony
SPU Crawford Hall,18-0186,"3224 3rd Avenue West, Seattle",,,,Walter
SPU DWW South Operations Center,18-0365,"4500 West Marginal Way SW, Seattle",6578729,,,Isaac
SPU Haller Lake Hygiene Facility,18-0057,"12600 Stone Avenue North, Seattle",6581254,"Regency NW Construction, I",,Walter
SR 99 Bored Tunnel Design Build [South Por,11-0593,"Alaskan Way, Seattle",,Seattle Tunnel Partners,(206) 228-6269,Jeff
St. Mary-On-The-Lake Main Hall Remodel,18-0090,"1663 Killarney Way, Bellevue",17-120466BZ,Andersen Construction Co.,(206) 595-9531,Walter
Starbucks - 12th & Columbia,17-0778,"800 12th Avenue, Seattle",6514918,,(206) 321-3409,Isaac
Starbucks Kiosk Remodel,18-0128,"12519 NE 85th Street, Kirkland",BNR17-08003,Tricon Enterprises,253-331-0398,Jeff
Station 38,17-0108,"30020 Swede Heaven Rd, Arlington",15108422CBP,"Building Resources, Inc.",(206) 852-0082,Jeff
Stead,17-0530,"17905 300th Avenue NE, Duvall",DWEL17-0001,Safeguard Construction,(425) 766-2712,Isaac
Stewart Garage,16-0489,"8218 Avalon Drive, Mercer Island",1604-016,"Kinetic Construction, Inc.",206-953-8416,Anthony
Stewart House,16-0489a,"8218 Avalon Drive, Mercer Island",1503-061,"Kinetic Construction, Inc.",(206) 953-8416,Anthony
Storey Residence,18-0120,"10917 Linden Ave N, Seattle",,,,Scott
Strohm-Hurley Residence,17-0942,"1102 NW 64th Street, Seattle",6587948,Harjo Construction,(206) 715-4464,Isaac
Summit Public Schools - Atlas (Phase 2),17-0724,"9601 35th Ave. SW, Seattle",6564210,"Kirtley-Cole Associates, LLC",,Walter
Summit Public Schools - Atlas Detention Vau,17-0724a,"9601 35th Avenue SW, Seattle",6622814,"Kirtley-Cole Associates, LLC",(425) 231-8711,Walter
Sunlight Café,18-0245,"6404 9th Ave. NE, Seattle",6599270,"Build Love Global, LLC",(206) 255-9554,Jeff
Sunrise Dental,18-0064,"1453 NW 54th Street, Seattle",6320623,,(206) 619-4371,Walter
Sunrise of Bothell,16-0459,"10605 NE 185th Street, Bothell",BMF2015-11790,Blackrock Construction Gro,(253) 888-2085,Walter
Sunrise of Lynnwood,17-0585,"21500 72nd Avenue West, Edmonds",BLD2015-1512,,253-691-3224,Walter
Sunset Court Apartments - Bike Shelter,17-0772g,"1140 Harrington Avenue NE, Renton",B16006738,Walsh Construction Compa,(206) 551-6594,Jeff
Sunset Court Apartments - Building 1,17-0772a,"1140 Harrington Avenue NE, Renton",B16006421,Walsh Construction Compa,(206) 551-6594,Jeff
Sunset Court Apartments - Building 2,17-0772b,"1130 Harrington Avenue NE, Renton",B16006420,Walsh Construction Compa,(206) 551-6594,Jeff
Sunset Court Apartments - Building 3,17-0772c,"1124 Harrington Avenue NE, Renton",B16006419,Walsh Construction Compa,(206) 551-6594,Jeff
Sunset Court Apartments - Building 4,17-0772d,"1158 Harrington Avenue NE, Renton",B16006418,Walsh Construction Compa,(206) 551-6594,Jeff
Sunset Court Apartments - North Trash Encl,17-0772g,"1158 Harrington Avenue NE, Renton",B16006734,Walsh Construction Compa,,Jeff
Sunset Court Apartments - Sitework,17-0772e,"1140 Harrington Avenue NE, Renton",16006459,Walsh Construction Compa,(206) 551-6594,Jeff
Sunset Court Apartments - South Trash Encl,17-0772f,"1158 Harrington Avenue NE, Renton",B16006733,Walsh Construction Compa,(206) 551-6594,Jeff
Sunset Neighborhood Park Phase 1,17-0739,"2680 Sunset Lane NE, Renton",,Road Construction Northwe,(425) 777-7325,Jeff
Sunset Shell,18-0307,"2800 NE Sunset Blvd, Renton",B17001464,"Avalon Management, Inc.",(206) 310-5127,Isaac
Super Bueno,17-0977,"3627 Stone Way North, Seattle",6575701,Dovetail General Contractor,(206) 354-0198,Isaac
Swale on Yale,18-0394,"1255 Harrison Street, Seattle",270947,"Exxel Pacific, Inc.",,Jeff
Tabor Dam,16-0881,", Ignatius, MT",,Condon-Johnson & Associat,206-707-3876,Jeff
Taco Time - Ferndale,18-0134,"5623 Riverside Drive, Ferndale",16011-COMM-NE,"L.D. Sanders Construction,",(360) 239-2308,Jeff
Talus - HBI860141-02,17-0780,"161 Shangri-La Way, Issaquah",,,,Jeff
Taylor Farms NW - North Cooler Expansion,18-0164,"8030 S 288th Street, Kent",CNST-2173171,"JEM Contractors, Inc. - *OL",(206) 239-8154,Isaac
Teck Resources - Ultrablock,18-0414,"1615 S. Graham Street, Seattle",N/A,,,Anthony
Tejani Residence,18-0420,"9805 111th Avenue NE, Kirkland",BSF17-02090,"US Builders Team, LLC",(425) 598-1001,Isaac
Terminal 7 Wharf Rehabilitation,18-0267,"3480 W Marginal Way SW, Seattle",6560619,"Pacific Pile & Marine, LP",(206) 331-3873,Isaac
Terminal 91 Fender Replacement Project,18-0206,"2003 West Garfield Street, Seattle",n/a,,(206) 403-8729,Isaac
"The ""AVE"" Apartments",18-0126,"5637 University Way NE, Seattle",6579435,"TC Consulting, Inc.",(206) 498-3917,Walter
The Bond Apartments,17-0747b,"6000-6044 E. Lki Sammamish Pkwy NE, Redm",Bldg-2017-06098,GenCap Construction Corp.,425-628-1908,Jeff
The Grove - Lot 3,17-0698,"4857 90th Avenue SE, Mercer Island",1607-271,"Milestone Northwest, LLC",(425) 503-9302,Jeff
The Grove - Lot 4,17-0953,"4865 90th Avenue SE, Mercer Island",1611-113,"Milestone Northwest, LLC",(425) 422-5358,Jeff
The Hailey Apartments,17-0860,"1210 Tacoma Avenue South, Tacoma",BLDCN17-0092,Rush Commercial Construct,,Jeff
The Junction - Auburn Mechanical,16-0386a,"18505 Bothell Way NE, Bothell",BMU2015-11802,GenCap Construction Corp.,,Jeff
The Landing at Bothell Landing - All Building,17-0888,"9614 NE 183rd Street, Bothell",,GenCap Construction Corp.,(425) 495-5936,Jeff
The Landing at Bothell Landing - Bldg C2,17-0888e,"18314 96th Avneue NE, Bothell",BMF2018-18972,GenCap Construction Corp.,(425) 495-5936,Jeff
The Landing at Bothell Landing - Bldg. A1 &,17-0888a,"9614 NE 183rd Street, Bothell",BMF2017-16659,GenCap Construction Corp.,(425) 495-5936,Jeff
The Landing at Bothell Landing - Bldg. C1,17-0888c,"18308 96th Avenue NE, Bothell",BMF2017-17346,GenCap Construction Corp.,(425) 495-5936,Jeff
The Landing at Bothell Landing - Bldg. F1,17-0888d,"18314 96th Ave NE, Bothell",BMF2017-17906,GenCap Construction Corp.,(425) 495-5936,Jeff
The Landing at Bothell Landing - Bldg. F2,17-0888b,"18308 96th Avenue NE, Bothell",BMF2017-18082,GenCap Construction Corp.,(425) 495-5936,Jeff
The Merritt Plat,18-0174,"2505 Lyons Avenue NE, Renton",,C.L. Green,,Anthony
The Nest at Beach Drive,17-0685,"5616 Beach Drive SW, Seattle",6547293,"White's Investments, LLC",(206) 979-7920,Isaac
The Pinnacle @ Alki,17-0406,"1118 Alki Avenue SW, Seattle",6510595,"Crestline Builders, LLC",(206) 834-5408,Isaac
The Pop - Lot P North,18-0198,"18308 96th Ave NE, Bothell",BNR2017-17902,GenCap Construction Corp.,,Jeff
The Sky Apartments,17-0267,"22256 SE 4th Street, Sammamish",COM2016-03874,GenCap Construction Corp.,(425) 324-1429,Jeff
Thompson Residence (Mercer Island),18-0156,"5022 Butterworth Road, Mercer Island",1703-148,"March-MacDonald, Inc.",(206) 793-1048,Walter
Thundering Mountain Shop Addition,17-0642,"1920 Garrett Street, Enumclaw",BLD2017-0186,"Marvel Management, LLC",,Walter
Tiny Dancer,17-0957,"3855 21st Avenue SW, Seattle",6550850,"Forrister Contracting, LLC",360-770-4000,Isaac
TK1,17-0428,"12215 50th Avenue South, Tukwila",D16-0179,"Stillwater Consulting, LLC",(206) 679-5173,Jeff
T-Mobile Bellevue Lab Phase 1 Expansion,18-0014,"1759 135th Place NE, Bellevue",17-117453 BM,Turner Construction Co.,(206) 255-1391,Isaac
T-Mobile Bellevue Tech Innovation Center -,18-0360,"1759 135th Place NE, Bellevue",,"Swinerton Builders, Inc.",(206) 492-4542,Isaac
Toggenburger Residence,18-0094,"4820 55th Avenue South, Seattle",6555796,Sutherland Contracting Servi,(206) 293-4131,Isaac
Totem Lake Retail Center - SIR,18-0161,"12525 Totem Lake Blvd., Kirkland",,,,Jeff
Tova Emry Project,17-0991,"17911 218th Avenue NE, Woodinville, Woodinv",ADDC17-0179,,(360) 280-1699,Jeff
Track 66,18-0041,"838 NE 66th Street, Seattle",6549334,"Blueprint Capital Services, L",(206) 902-7055,Isaac
TRM Enumclaw,18-0309,"2032 Garrett Avenue, Enumclaw",BLD2017-0345,"Tenant Contractors, Inc.",(253) 266-6221,Jeff
T-Square,18-0403,"15455 10th Avenue SW, Burien",BLD-17-1693,Kustom US,(425) 471-6789,Isaac
Tukwila Awning,18-0085,"12404 42nd Avenue South, Tukwila",D17-0302,"Rainier Industries, Ltd.",,Isaac
Tukwila Village - Building D,16-0502,"14400 Tukwila International Blvd, Tukwila",D14-0326,InterCity Contractors,(206) 459-1101,Walter
Tukwila Village - Building E,16-0573,"4450 South 144th Street, Tukwila",D16-0389,InterCity Contractors,(206) 459-1101,Walter
Tukwila Village - Shag T.I. (Building D),18-0302,"14400 Tukwila International Blvd, Tukwila",D17-0285,InterCity Contractors,(206) 459-1101,Walter
Tule Bene Restaurant,18-0114,"10200 Quilceda Blvd., Tulalip - Marysville",BP 2017-062,Tulalip Casino,(425) 754-5456,Isaac
Tulsyan Residence,17-0071,"2136 N 87th Street, Seattle",6479227,"AD Design & Construction, I",(206) 883-3803,Isaac
Tumi Storage Racks,18-0372,"225 Bellevue Square Way #225, Bellevue",17 131133 BZ,,(224) 489-6847,Isaac
Twin Firs Residence,17-0933,"8835 Overlake Drive West, Medina",B17-008,Roberts Group Custom Buil,(425) 533-3980,Isaac
Two Pine,18-0384,"1601 2nd Ave, Seattle",6615982,"Rafn Company, Inc.",,Walter
UBS Financial Services T.I.,18-0423,"925 4th Avenue, Seattle",6639936,"BN Builders, Inc.",(206) 718-0947,Walter
Union Pacific Railroad Argo Yard Upgrades,17-0901,"4700 Denver Ave S, Seattle",6421152,,425-315-4799,Walter
Upton Flats,17-0017,"6058 35th Avenue SW, Seattle",6504660,"Upton Development, LLC",,Isaac
Uptown 30,18-0262,"30 6th Street, Kirkland",,"NW Investment Builders, LL",(206) 255-0782,Isaac
Uptown 34,18-0263,"34 6th Street, Kirkland",BSF17-05313,"NW Investment Builders, LL",(206) 255-0782,Isaac
Uptown 38,18-0266,"38 6th Street, Kirkland",BSF17-05312,"NW Investment Builders, LL",(206) 255-0782,Isaac
US Bank - Renton,18-0298,"2500 E Valley Road, Renton",B17003122,"Avara Construction, Inc.",(206) 419-1440,Jeff
USACE Sill Beams & Misc. Improvements,18-0232,"(Ballard Locks), Seattle",,WHH Nisqually Federal Serv,,Isaac
Utecht Residence,18-0255,"1949 8th Avenue West, Seattle",6574811,Dochnahl Construction,(206) 730-7346,Jeff
UW New Burke Museum (Construction Phas,16-0363,"4300 15th Avenue NE, Seattle",6432435,Skanska USA Commercial,206-473-9420,Anthony
UW North Campus Building B (Madrona Hall,17-0034,"4320 Whitman Lane NE, Seattle",6495139,WG Clark Construction Com,,Anthony
UW North Campus Building C (McCarty Hall),17-0010,"4318 Whitman CT NE, Seattle",6495140,WG Clark Construction Com,,Anthony
UW North Campus Building D (Willow Hall),16-0735,"4318 Whitman Ct E, Seattle",6467051,WG Clark Construction Com,,Anthony
UW North Campus RDH Testing (all building,18-0084,"Various, Seattle",n/a,WG Clark Construction Com,,Anthony
UW Ocean Sciences Building Elevator #257,17-0201,"1492 NE Boat Street, Seattle",6544911,,(206) 579-3753,Anthony
UW Population Health Facility - Shoring,18-0469,"4000 & 3980 15th Avenue NE, Seattle",6616847,"Lease Crutcher Lewis, Inc.",(206)730-2495,Anthony
UWMC Emergency Department Extension,18-0202,"1959 NE Pacific Street, Seattle",,Skanska USA Commercial,(206) 947-8094,Anthony
VA Puget Sound Upgrade Electrical Distributi,17-0199,"1660 S. Columbian Way, Seattle",663-15-102,"Helix Electric, Inc.",(858) 405-5026,Isaac
Valley Ridge Play Fields,18-0322,"4644 S 188th Street, SeaTac",STE18-0003,"Premier Field Development,",,Isaac
Vashon Addition,18-0333,"17606 Vashon Highway SW, Vashon",,"Metis Construction, Inc.",,Isaac
Vik Reddy,18-0299,"6643 58th Avenue NE, Seattle",6515143,"Terhune Homes, Inc.",(253) 405-9395,Isaac
Village at Totem Lake Phase II,18-0400,"12560-12632 120th Ave NE, Kirkland",BMU17-06261,"Fairfield Totem Lake, LLC",(678) 410-4182,Walter
Vista Lago - Site Work,18-0402,"6452 NE 181st Street, Kenmore",,Anderson Construction Grou,206-573-2305,Isaac
Wallingford Residence,18-0086,"17550 Wallingford Avenue North, Shoreline",,Belmont Homes NW,(425) 231-0823,Jeff
Warren Residence,18-0446,"22409 SE 20th Street, Sammamish",BLD2016-02256,"Brocksmith Custom Homes,",(425) 830-8254,Isaac
Washington Square Towers One,18-0359a,"10610 NE 9th Place, Bellevue",17 128107 BZ,Porter Construction Inc.,,Walter
Washington Square Towers Two,18-0359b,"10650 NE 9th Place, Bellevue",17 128109 BZ,Porter Construction Inc.,,Walter
Waverly Garage,18-0078,"2120 Waverly Way E, Seattle",6622096,"Lockhart Suver, LLC",(206) 604-6203,Jeff
Well 25 Generator Improvement Project,18-0024,"South 310th Place and 8th Avenue South, Fede",17-101545-00-CO,Northeast Electric,,Isaac
Wells Fargo - Bellevue,18-0165,"225 108th Avenue NE, Bellevue",,"Abbott Construction, Inc.",(206) 643-0123,Jeff
Wenzel Seismic Retrofit Inspection,18-0352,"31433 36th Avenue SW, Federal Way",18-100821-00-SF,"Seismic Northwest, LP",,Isaac
Werner,17-0528,"3046 17th Ave W, Seattle",6509754,Kamin Excavation,(206) 753-9891,Isaac
West Mall Place Apartments Repair,17-0368,"9300 West Mall Drive, Everett",B1701-040/ 041/ 0,"CDK Construction Services,",(206) 450-7270,Isaac
West Mercer,18-0235,"4525 West Mercer Way, Mercer Island",1709-044,"RKK Construction, Inc.",(206) 730-3184,Jeff
West Seattle Residence - Beach Drive,16-0197,"6001 Beach Drive SW, Seattle",6452765,"Toth Construction, Inc.",(206) 730-5788,Walter
Western Fire & Safety,17-0522,"2654 NW Market Street, Seattle",6418862,Rush Commercial Construct,,Isaac
Westin Seattle Lobby Renovation,18-0070,"1900 Fifth Avenue, Seattle",6596849,Unimark Construction Group,(206) 510-2552,Isaac
Westlake Collection,18-0303,"755 Hayes Street, Seattle",6533008,Arnon Construction Operatio,(206) 353-8263,Isaac
Westridge Townhomes South - All Buildings,17-0859,"519 NE Ellis Drive, Issaquah",BLD17-00159,Polygon Northwest,(425) 766-2053,Walter
Westridge Townhomes South - Bldg. 01,17-0859a,"519 NE Ellis Drive, Issaquah",(pending),Polygon Northwest,(425) 766-2053,Walter
Westridge Townhomes South - Bldg. 02,17-0859b,"585 NE Ellis Drive, Issaquah",(pending),Polygon Northwest,(425) 766-2053,Walter
Westridge Townhomes South - Bldg. 03,17-0859c,"570 NE Daisy Walk, Issaquah",(pending),Polygon Northwest,(425) 766-2053,Walter
Westridge Townhomes South - Bldg. 04,17-0859d,"952 6th Walk NE, Issaquah",(pending),Polygon Northwest,(425) 766-2053,Walter
Westridge Townhomes South - Bldg. 05,17-0859e,"924 6th Walk NE, Issaquah",(pending),Polygon Northwest,(425) 766-2053,Walter
Westridge Townhomes South - Bldg. 06,17-0859f,"908 6th Walk NE, Issaquah",BLD17-00159,Polygon Northwest,(425) 766-2053,Walter
Westridge Townhomes South - Bldg. 07,17-0859g,"987 6th Avenue NE, Issaquah",(pending),Polygon Northwest,(425) 766-2053,Walter
Westridge Townhomes South - Bldg. 08,17-0859h,"967 6th Avenue NE, Issaquah",(pending),Polygon Northwest,(425) 766-2053,Walter
Westridge Townhomes South - Bldg. 09,17-0859i,"941 6th Avenue NE, Issaquah",(pending),Polygon Northwest,(425) 766-2053,Walter
Westridge Townhomes South - Bldg. 10,17-0859j,"925 6th Avenue NE, Issaquah",(pending),Polygon Northwest,(425) 766-2053,Walter
Westridge Townhomes South - Bldg. 11,17-0859k,"978 6th Avenue NE, Issaquah",BLD17-00419,Polygon Northwest,(425) 766-2053,Walter
Westridge Townhomes South - Bldg. 12,17-0859l,"954 6th Avenue NE, Issaquah",BLD17-00420,Polygon Northwest,(425) 766-2053,Walter
Westridge Townhomes South - Bldg. 13,17-0859m,"922 6th Avenue NE, Issaquah",BLD17-00389,Polygon Northwest,(425) 766-2053,Walter
Westridge Townhomes South - Bldg. 14,17-0859n,"902 6th Avenue NE, Issaquah",BLD17-00390,Polygon Northwest,(425) 766-2053,Walter
Westridge Townhomes South - Bldg. 15,17-0859o,"989 7th Avenue NE, Issaquah",BLD17-00421,Polygon Northwest,(425) 766-2053,Walter
Westridge Townhomes South - Bldg. 16,17-0859p,"965 7th Avenue NE, Issaquah",BLD17-00422,Polygon Northwest,(425) 766-2053,Walter
Westridge Townhomes South - Bldg. 17,17-0859q,"943 7th Avenue NE, Issaquah",BLD17-00391,Polygon Northwest,(425) 766-2053,Walter
Westridge Townhomes South - Bldg. 18,17-0859r,"923 7th Avenue NE, Issaquah",BLD17-00392,Polygon Northwest,(425) 766-2053,Walter
Westridge Townhomes South - Bldg. 19,17-0859s,"924 7th Avenue NE, Issaquah",BLD17-00201,Polygon Northwest,(425) 766-2053,Walter
Westridge Townhomes South - Bldg. 20,17-0859t,"904 7th Avenue NE, Issaquah",BLD17-00192,Polygon Northwest,(425) 766-2053,Walter
Westridge Townhomes South - Bldg. 21,17-0859u,"941 8th Avenue NE, Issaquah",BLD17-00191,Polygon Northwest,(425) 766-2053,Walter
Westridge Townhomes South - Bldg. 22,17-0859v,"923 8th Avenue NE, Issaquah",BLD17-00189,Polygon Northwest,(425) 766-2053,Walter
Westview - Bldg. 1,17-0792a,"9319 S 243rd Street, Kent",CNST-2171350,"Schneider Homes, Inc.",(253) 508-1069,Isaac
Westview - Bldg. 2,17-0792b,"24232 93rd Ct S, Kent",CNST-2171353,"Schneider Homes, Inc.",(253) 508-1069,Isaac
Westview - Bldg. 3,17-0792c,"24214 93rd Ct S, Kent",CNST-217352,"Schneider Homes, Inc.",(253) 508-1069,Isaac
Westview - Bldg. 4,17-0792d,"24206 93rd Ct S, Kent",CNST-2171354,"Schneider Homes, Inc.",(253) 508-1069,Isaac
Westview - Bldg. 5,17-0792e,"24201 93rd Ct S, Kent",CNST-2172072,"Schneider Homes, Inc.",(253) 508-1069,Isaac
Whitman 4 Rowhouses,18-0101,"3609 Whitman Avenue North, Seattle",6572661,,(206) 251-9289,Isaac
Willows Preparatory School,18-0325,"12280 Redmond-Woodinville Rd, Redmond",BLDG-2017-0309,"Foushee and Associates, In",(425) 941-7965,Isaac
Wilt Residence,18-0201,"5603 104th Avenue NE, Kirkland",BSF18-00023,"RHH Construction, LLC",(425) 941-7830,Isaac
Wolfram Residence,17-0895,"1800 Broadmoor Drive East, Seattle",6591480,"Toth Construction, Inc.",,Isaac
Woodland Park Homes,18-0378,"1405 N 47th Street, Seattle",6543356,"GNC, LLC",(206) 713-8880,Isaac
Woodland Park Residence,18-0194,"1418 N 54th Street, Seattle",6520134,,(425) 876-6464,Anthony
Worzel Residence,18-0233,"2399 Killarney Way, Bellevue",17-108926-BS,"Eric Kormondy Construction,",(206) 310-1088,Isaac
WSP Fire Training Academy New Kitchen-Di,18-0097,"50810 Grouse Ridge Road, North Bend",COMM17-0032,Star Construction,(253)279-9398,Jeff
WSP FTA New Kitchen-Dining Hall - Star Co,18-0097a,"50810 Grouse Ridge Road, North Bend",COMM17-0032,Star Construction,(253) 279-9398,Jeff
Yale Flats,18-0358,"2227 Yale Ave E, Seattle",6506218,"Cascade Built, LLC",(412) 498-3662,Jeff
Yesler 4 Townhomes,17-0887,"2515 East Yesler Way, Seattle",6577344,"Dacoda Homes, Inc.",(206) 777-5892,Jeff
Yesler Terrace Block 3,17-0634,"120 Broadway, Seattle",6481846,"Exxel Pacific, Inc.",(360) 815-0766,Jeff
Zeasman Residence,17-0779,"3207 Point Place SW, Seattle",6455966,,,Isaac
Zeke's Pizza - Sammamish,18-0407,"22610 SE 4th Street, Suite 404, Sammamish",CON2018-00561,Roberts Group Custom Buil,(206) 290-4251,Isaac
ZEN House,18-0096,"2007 Warren Avenue North, Seattle",6600554,JRJ Development,(206) 387-1845/ (,Isaac
Zhang Residence,18-0265,"911 87th Avenue NE, Medina",B16-071,Madrona Custom Homes,(206) 501-9397,Jeff
Zhang Sun Residence,18-0328,"9780 NE 13th Street, Clyde Hill",BLDG2017-0088,Madrona Custom Homes,(425) 449-3643,Jeff
Zinsmeyer Residence,18-0398,"2171 11th Avenue West, Seattle",6612939,Martine Construction Northw,(425) 409-4616,Isaac
Zumwalt Residence,18-0138,"2004 E Galer Street, Seattle",6588931,JC Mac Construction,(425) 879-5608,Isaac
